max_id,Weibo ID,Comment Pages,Comment ID,Posting Time,Like Counts,IP Location,User Name,User ID,User Gender,Follow Counts,Followers Counts,Contents
1.40E+14,4.88E+15,1,4.88E+15,2023/3/21 18:44,3855,来自广东,不吃鱼的海盗,5843848265,male,71,245,给你上香可以不
1.40E+14,4.88E+15,1,4.88E+15,2023/3/21 18:59,1473,来自广东,-重庆白牡丹-,7333516174,female,290,18,关心年轻人上不上香？拜托关心一下年轻人就业好叭？该关心的不关心
1.40E+14,4.88E+15,1,4.88E+15,2023/3/21 18:45,1004,来自山东,各种想你,7770744074,female,43,7,要你管
1.40E+14,4.88E+15,1,4.88E+15,2023/3/21 19:07,814,来自四川,halo古拜,5679430628,male,127,1016,能写出这个的人 是不是很有优越感
1.40E+14,4.88E+15,1,4.88E+15,2023/3/21 18:49,313,来自中国,堂堂萧落堂,5015034258,female,180,110,懂了，这周末就去上香，我佛佑我
1.40E+14,4.88E+15,1,4.88E+15,2023/3/21 19:03,245,来自广东,呆呆-逍遥游,1493617715,female,153,268,首先认真生活认真工作和宗教信仰是不相悖的！尊重宗教信仰自由！其次，去环境清幽的寺庙上个香许个愿明确自己的奋斗目标、感悟人生的真谛，这和平时工作之余去饮茶喝咖啡放松精神整理思绪不是异曲同工吗？为什么要上纲上线去指责这些年轻人？
1.40E+14,4.88E+15,1,4.88E+15,2023/3/21 18:56,119,来自上海,路西cat,5530804446,male,292,91,难道不是因为寺庙清净环境好不用被人打扰?
1.40E+14,4.88E+15,1,4.88E+15,2023/3/21 22:06,101,来自上海,战骓,7306913974,male,930,572,为什么关心年轻人都关心不到点子上？只会讽刺谩骂了吗？你们了解年轻人吗？
1.40E+14,4.88E+15,1,4.88E+15,2023/3/21 18:59,61,来自江西,草莓冰皮月亮小蛋糕,5668352432,female,2208,461,一个人在社会化过程中遇到的困难情绪被通通用“似乎是不得了的大事”概括，可笑，“正是这些为了一些所谓宏伟的事业，为了一些远大的目标，去不计后果地牺牲别人、牺牲别人小猫的人，频频地让我们这个世界陷入大火。”
1.40E+14,4.88E+15,1,4.88E+15,2023/3/21 18:59,51,来自上海,打工人啊打工人,1909558633,male,294,262,今年2月以来，预定寺庙景区门票的人群中，90后、00后占比近50%。那就是不足百分之五十，那另百分之五十多呢？
1.40E+14,4.88E+15,1,4.88E+15,2023/3/21 21:43,31,来自湖南,ZHMAOOO,5214826527,male,375,127,那你去报警啊？
1.40E+14,4.88E+15,1,4.88E+15,2023/3/21 19:36,29,来自广东,1874__Tsuki,6294381234,male,473,93,像地狱一样的国家 没有一点希望
1.40E+14,4.88E+15,1,4.88E+15,2023/3/22 0:13,21,来自北京,AnkerWatson,6491924503,male,806,15,你这是准备不要木琴还是批发的木琴？
1.40E+14,4.88E+15,1,4.88E+15,2023/3/21 20:33,42,来自浙江,文西纳撇,7460563213,male,159,5,第三十六条　中华人民共和国公民有宗教信仰自由。 　　任何国家机关、社会团体和个人不得强制公民信仰宗教或者不信仰宗教，不得歧视信仰宗教的公民和不信仰宗教的公民。
1.40E+14,4.88E+15,1,4.88E+15,2023/3/21 19:24,26,来自河南,巴拉巴拉武凯,6614265833,male,354,5,上课不过是上层设计的陷阱，上香才能得到灵魂寄托
1.40E+14,4.88E+15,1,4.88E+15,2023/3/22 12:24,4,来自安徽,御朔德-承乐,6111429506,female,528,901,这依然不影响每年升学和求职时候那么多卷人
1.40E+14,4.88E+15,1,4.88E+15,2023/3/21 19:26,20,来自福建,万事巨顺利兜里巨有钱,6475892518,male,103,8,年轻人得努力工作，资本家才能有源源不断的韭菜割呀
1.40E+14,4.88E+15,1,4.88E+15,2023/3/21 19:22,18,来自重庆,走过人潮,2161148534,male,1489,1200,佛家有云众生平等
1.39E+14,4.88E+15,2,4.88E+15,2023/3/21 18:46,19,来自山东,美业小阿姨,5271035274,female,27,46,本来近期打算去普陀山的
1.39E+14,4.88E+15,2,4.88E+15,2023/3/22 12:24,7,来自北京,绿豆只是颗豆,5363110198,female,92,130,正想着后天休息干嘛呢，你刚好提醒我了，后天早起就去雍和宫给你上一香
1.39E+14,4.88E+15,2,4.88E+15,2023/3/21 21:20,9,来自浙江,killy甜的小奶糖,6523046788,male,406,51,我他妈要钱，你多给钱少收钱就可以了别少给钱多收钱
1.39E+14,4.88E+15,2,4.88E+15,2023/3/23 23:26,3,来自河南,菜瓜不是麻瓜,6010783490,female,622,123,闭嘴
1.39E+14,4.88E+15,2,4.88E+15,2023/3/23 15:44,6,来自浙江,爸爸想叫什么就叫什么,3054150860,female,1313,77,现在就在普陀山，我马上就给观音菩萨告状
1.39E+14,4.88E+15,2,4.88E+15,2023/3/27 23:06,3,来自黑龙江,冰城影视,7417035357,male,3240,6455,句句不谈薪资，条条不离奉献，桩桩不谈好处，事事皆讲境界，动不动就让你有格局，绕着圈给你画大饼...不拜神佛难到拜你们嘛？我们拜佛不是迷信，是求心安！
1.39E+14,4.88E+15,2,4.88E+15,2023/3/21 18:52,2,来自江苏,菜菜什么时候能不菜,7411119050,male,340,11,说的蛮好的
1.39E+14,4.88E+15,2,4.88E+15,2023/3/21 23:24,4,来自江苏,柴王弄吧,1107349325,male,943,423,上香就是对美好生活的向往
1.39E+14,4.88E+15,2,4.88E+15,2023/3/21 21:36,6,来自河南,还我星纳,6613865782,female,833,85,你管的真宽啊有这功夫不如管管每月107块养老金的农村老人
1.39E+14,4.88E+15,2,4.88E+15,2023/3/21 20:38,5,来自陕西,mint_lzx,7711082651,female,551,15,以前远离世俗，叫淡泊名利，现在佛一点，就这是问题，那是问题的。牛批，好话坏话都让你们说了，厉害，佩服
1.39E+14,4.88E+15,2,4.89E+15,2023/4/5 14:19,0,来自天津,闷油瓶照的镜子,3374323012,female,890,202,我给你上100柱香，祝你一路走好
1.39E+14,4.88E+15,2,4.88E+15,2023/3/24 0:02,0,来自广东,萄xzx,6918858247,male,269,3,终于有媒体好好说话
1.39E+14,4.88E+15,2,4.88E+15,2023/3/22 10:41,0,来自青海,像是廾匸,5864404142,female,546,44,不能上香吗？关你毛事
1.39E+14,4.88E+15,2,4.88E+15,2023/3/21 19:11,5,来自陕西,你闲的没事干198201,7811299677,female,2,2,我们都卷成啥样了，看不到吗？
1.39E+14,4.88E+15,2,4.88E+15,2023/3/21 19:00,0,来自北京,鱼和卷就是可兼得,5752959430,female,154,2,给你点了
1.39E+14,4.88E+15,2,4.88E+15,2023/3/21 18:59,9,来自内蒙古,敲可爱的葱葱,6783136802,female,571,80,用你管？
1.39E+14,4.88E+15,2,4.88E+15,2023/3/23 10:49,1,来自江苏,努力熬夜不秃头王女士,2923061411,female,409,240,答主没有在批判上香啊 你们看完再说
1.39E+14,4.88E+15,2,4.88E+15,2023/3/22 10:26,3,来自江苏,流泪了orz,7240706094,female,246,6,这篇文章不是写得挺好的吗？我觉得没啥问题啊
1.38E+14,4.88E+15,3,4.88E+15,2023/3/27 0:08,0,来自山东,顾十六的小十六,6296193239,female,1569,1181,未知苦处，不信神佛
1.38E+14,4.88E+15,3,4.88E+15,2023/3/23 13:39,0,来自河南,十二号自助世俗世界,6307862034,female,74,16,要你管才怪wow～
1.38E+14,4.88E+15,3,4.88E+15,2023/3/23 7:17,3,来自陕西,哈兰德吃姆巴佩,5281996223,male,208,7,笑死，现在寄希望于我佛你都不愿意，难道非要把人逼得寄希望于北约？
1.38E+14,4.88E+15,3,4.88E+15,2023/3/22 23:58,0,来自北京,伙房管理员,1810218525,male,157,219,Uncertainty is the enemy of recovery，但个人的不确定性却不一定是坏事，他们只是希望在可预见的平庸中出现丁丁不确定性。
1.38E+14,4.88E+15,3,4.88E+15,2023/3/22 18:55,0,来自上海,洄遊兇案現場,7812401561,female,197,552,屁话多
1.38E+14,4.88E+15,3,4.88E+15,2023/3/22 17:13,2,来自山东,赵丞贝,5858125311,female,98,138,如此清醒又美好的评论员文章点赞👍
1.38E+14,4.88E+15,3,4.88E+15,2023/3/21 18:50,1,来自广东,白虎野的工口少年,1815630425,male,177,21,上课上进有上香好用？？？
1.38E+14,4.88E+15,3,4.89E+15,2023/4/23 23:18,1,来自湖南,果阿妮,6146054751,female,202,20,上不了香吗，古人也上香吧，现在的传媒人抨击历史文化！真是活在虚伪的世界出不来？我上我香怎么了，我也凭自己本事上岸了呀我图个心安怎么了
1.38E+14,4.88E+15,3,4.88E+15,2023/3/27 9:35,1,来自江苏,魂之舞44045,5704818389,female,52,1,喜欢网上定票的都是年轻人，你在预定门票里统计，合理吗
1.38E+14,4.88E+15,3,4.88E+15,2023/3/26 5:55,1,来自英国,Zyphon,6001341921,male,407,30,懂了 上膛
1.38E+14,4.88E+15,3,4.88E+15,2023/3/25 14:56,2,来自辽宁,泽琛,5908281991,male,0,1.3万,我们上香求“国泰民安”。怎么？你不服气？
1.38E+14,4.88E+15,3,4.88E+15,2023/3/23 8:21,1,来自广东,夕夕小嘉子,1943640817,male,490,714,难道我们应该在拼命生存和生活的时候选择生娃？
1.38E+14,4.88E+15,3,4.88E+15,2023/3/21 21:15,1,来自江苏,我只是个好孩纸__如此而已,2090037133,female,20,2242,多管闲事多吃屁
1.38E+14,4.88E+15,3,4.88E+15,2023/3/21 21:13,1,来自重庆,Epure荒野乐园,6636058498,male,452,57,清明节快到了，给你上一炷
1.38E+14,4.88E+15,3,4.88E+15,2023/3/21 20:11,3,来自陕西,画家小姐_,7470908336,female,537,1046,你咋不问问年轻人为什么上香  关心一下年轻人咋活下去
1.38E+14,4.88E+15,3,4.88E+15,2023/3/21 19:59,2,来自辽宁,天海长清,6298034766,female,1019,2,这条微博不就是在说这“…属人之常情…”吗，评论区怎么都在嘲
1.38E+14,4.88E+15,3,4.90E+15,2023/5/15 16:23,0,来自浙江,是小许七七啊,6007918854,female,275,33,当现世太苦，宗教的作用就会显现出来
1.38E+14,4.88E+15,3,4.90E+15,2023/5/1 12:11,0,来自甘肃,琼玖在线做题,6607083472,male,523,42,年轻人上香一没违法二没乱纪，忧心年轻人上香干什么？
1.38E+14,4.88E+15,3,4.89E+15,2023/4/3 13:37,0,来自浙江,洋葱不是王子,1919056242,male,174,143,看看完啊各位
1.38E+14,4.88E+15,4,4.88E+15,2023/3/30 10:30,0,来自青海,Kingofcorn_,6052789075,female,3351,3379,你应该庆幸我们只是上香而不是上船
1.38E+14,4.88E+15,4,4.88E+15,2023/3/27 22:29,0,来自上海,华庭欧阳旭,7790548061,male,78,7,官是官民是民，这才是普通老百姓的生活
1.38E+14,4.88E+15,4,4.88E+15,2023/3/27 1:41,0,来自河北,乌角巾V,7415904372,male,2265,40,万户青衿久县鹑，宫墙高锁上林春。也知圣意窥难见，聊把清香问鬼神。
1.38E+14,4.88E+15,4,4.88E+15,2023/3/27 0:20,0,来自陕西,月射寒江2018,5332033017,female,112,758,活着的压力那么大，是想让他们上街吗
1.38E+14,4.88E+15,4,4.88E+15,2023/3/25 0:29,0,来自四川,凡蝉,7626570829,female,284,1,希望你下辈子别生在京城世家
1.38E+14,4.88E+15,4,4.88E+15,2023/3/24 19:43,0,来自云南,墨墨的实验服,3979446234,female,504,1237,阿弥陀佛🙏🙏🙏
1.38E+14,4.88E+15,4,4.88E+15,2023/3/24 16:50,0,来自湖南,阿猫不爱吃鱼_,7438297264,female,45,4,文章写尽天下事，不肯俯首看苍生
1.38E+14,4.88E+15,4,4.88E+15,2023/3/24 16:37,0,来自广东,刘耀文小屁猪,6481552723,female,767,16,你是吃饱了没事干？ 还关注这个？
1.38E+14,4.88E+15,4,4.88E+15,2023/3/24 15:23,0,来自山西,时武超级帅,5743319482,female,184,46,又是你呀北京日报
1.38E+14,4.88E+15,4,4.88E+15,2023/3/24 14:53,0,来自河南,牛顿第三十六定律,6725942808,female,48,35,不上香难道像法国年轻人一样上街吗？
1.38E+14,4.88E+15,4,4.88E+15,2023/3/24 12:55,0,来自山东,祥子卖骆驼,7499649472,male,171,7,年轻人不上香，难道上街？要不上山？
1.38E+14,4.88E+15,4,4.88E+15,2023/3/23 16:01,0,来自广东,哈密瓜少女vivi,5600419817,female,459,104,你有空就想想改变社会现状方法吧不要在这里废话连篇l
1.38E+14,4.88E+15,4,4.88E+15,2023/3/23 14:06,0,来自云南,un_cerf,1654153377,female,510,307,这什么破话题抹黑大学生，在校大学生有多少人，去上香的才多少？何况课余时间你管人家去做什么
1.38E+14,4.88E+15,4,4.88E+15,2023/3/23 3:03,0,来自吉林,工藤新规,7185257904,male,1125,1.2万,上学有用的话上香干嘛，给点工作干干
1.38E+14,4.88E+15,4,4.88E+15,2023/3/23 2:44,0,来自广东,喵喵阿sir耶,5975409796,female,377,48,远方传来风笛声
1.38E+14,4.88E+15,4,4.88E+15,2023/3/23 0:17,0,来自云南,_很爱小狗,2891632967,female,496,458,笑死，出来找工作月薪3k，我不上香保佑我中彩票我能咋整
1.38E+14,4.88E+15,5,4.88E+15,2023/3/22 22:55,0,来自广东,五加皮炖雪梨,5040283115,female,200,1176,不好意思，这周末去拜财神殿长跪不起，你咬我啊
1.38E+14,4.88E+15,5,4.88E+15,2023/3/22 20:02,0,来自广东,西祐西柚,5926079122,female,242,25,给你上香🕯
1.38E+14,4.88E+15,5,4.88E+15,2023/3/22 19:21,1,来自江苏,苏羽茉,1887630277,female,235,134,哪个媒体人，让我长长见识，管得可真宽啊
1.38E+14,4.88E+15,5,4.88E+15,2023/3/22 17:53,1,来自湖北,孤独万Su1自由无Zu1_1,7771231444,female,293,2,很好笑今天下午才看到一句话，“文章写尽太平事，不肯俯首见苍生”，非常应景捏
1.38E+14,4.88E+15,5,4.88E+15,2023/3/22 17:00,0,来自四川,春湖森林,6561851063,male,210,2400,中国人的信仰有儒释道和共产主义皆是 出发的！每一个信仰都是教人民群众要真善，教群众要热爱生活，热爱祖国的。而有一些 和敌人对此是非常害怕而恐惧的！//:怕你们有了信仰不信他们了//:上课有用我上香干嘛?
1.38E+14,4.88E+15,5,4.88E+15,2023/3/22 16:53,0,来自江西,小新不吃椒,6619596388,female,335,19,上个香咋的，少管年轻人，自己先把自己生活活好🙃
1.38E+14,4.88E+15,5,4.88E+15,2023/3/22 16:24,1,来自山东,喔里卡卡的微博,6369104802,male,82,25,接世界毁灭
1.38E+14,4.88E+15,5,4.88E+15,2023/3/22 15:51,0,来自吉林,咻儿努力个屁,5977346732,female,347,123,我看是哪个媒体这么没有本事就知道找“年轻人”的茬儿
1.38E+14,4.88E+15,5,4.88E+15,2023/3/22 14:53,0,来自江苏,铁板大战章鱼烧战士,6339702046,male,171,14,要不要我给你上一柱
1.38E+14,4.88E+15,5,4.88E+15,2023/3/22 14:52,1,来自天津,0721_2023,5655775414,male,196,17,如果不是生活无望，谁又愿意求神拜佛呢
1.38E+14,4.88E+15,5,4.88E+15,2023/3/22 13:23,0,来自河北,爱与篮球-不可辜负,3562964784,male,118,289,这些人平时不关心你的生活如何，却异常关心你努不努力。
1.38E+14,4.88E+15,5,4.88E+15,2023/3/22 12:27,0,来自福建,SY-116,7409329864,male,105,4,管好你自己吧书背
1.38E+14,4.88E+15,5,4.88E+15,2023/3/22 11:22,0,来自江西,Tianweiwww,1842451923,female,506,250,评论区的人有仔细看这篇文章吗
1.38E+14,4.88E+15,5,4.88E+15,2023/3/22 11:20,0,来自上海,风兮峰兮,6230249205,male,172,110,被拖欠工资一年了，仲裁到二审流程走了一遍，法人悄悄变更了，执行又没钱，工会有说过话吗，我奋斗了为什么拿不到工资，拖欠工资那么久为什么没人替劳动者说话
1.38E+14,4.88E+15,5,4.88E+15,2023/3/22 11:06,0,来自浙江,谷巴妮,1586100604,female,816,611,哈哈 专家不在寺庙怎么知道年轻人在上香？专家不在学校怎么知道年轻人没在上课？
1.38E+14,4.88E+15,5,4.88E+15,2023/3/22 10:59,0,来自吉林,花叶同心-,5833435995,female,3033,156,“管好你自己”
1.38E+14,4.88E+15,5,4.88E+15,2023/3/22 10:23,0,来自广东,--Motto--,1837668657,female,1332,532,佛祖保佑了我，三年没被封控，坐标广州
1.38E+14,4.88E+15,6,4.88E+15,2023/3/22 10:17,0,来自福建,V8咀,5586084523,male,17,0,年轻人上香是好事，等啥时候不上香了那事情就来了
1.38E+14,4.88E+15,6,4.88E+15,2023/3/22 10:15,0,来自湖北,鱼总勒,7302934822,male,70,0,搞这种媒体的属于是要流量不要家人了。
1.38E+14,4.88E+15,6,4.88E+15,2023/3/22 10:09,0,来自安徽,嘉人如Yu,6264880888,female,57,3,不是吧，这也管啊
1.38E+14,4.88E+15,6,4.88E+15,2023/3/22 9:58,0,来自上海,麦序二五,2915467141,female,80,129,南朝四百八十寺，多少楼台烟雨中
1.38E+14,4.88E+15,6,4.88E+15,2023/3/22 9:54,0,来自河南,密斯奈特,5982425715,male,226,167,新京报整个就是一个营销号
1.38E+14,4.88E+15,6,4.88E+15,2023/3/22 9:38,0,来自山东,星星bu闪包退换,6380370262,female,315,52,不会发微博可以不发
1.38E+14,4.88E+15,6,4.88E+15,2023/3/22 9:10,0,来自广西,能躺平摆烂吗,1776186105,female,123,40,难道去的人是退学了、辞职了去上香的，上完就在家躺平了？年轻人上香，你上纲上线
1.38E+14,4.88E+15,6,4.88E+15,2023/3/22 9:04,0,来自贵州,四叶草会一直唯美盛开,6593730827,female,313,33,你们别管了，上个香还碍着你了，闲得慌啊
1.38E+14,4.88E+15,6,4.88E+15,2023/3/22 9:03,0,来自山东,雪域寒风09822,7707533495,male,50,1,我本来想看看你能放出什么来，没想到正反话都让你说了
1.38E+14,4.88E+15,6,4.88E+15,2023/3/22 8:54,0,来自广东,PINK_Wendy,2325978304,female,342,217,懂了，我天天上香
1.38E+14,4.88E+15,6,4.88E+15,2023/3/22 8:29,0,来自广东,钻dio大王,1115630123,male,10,20,奋斗能让我买得起深圳的房？
1.38E+14,4.88E+15,6,4.88E+15,2023/3/22 8:09,1,来自河南,草莓你个思捉啵瑞,6637945437,female,29,687,少对年轻人评头论足
1.38E+14,4.88E+15,6,4.88E+15,2023/3/22 1:43,0,来自广东,鱼鱼7719,7632206244,female,1173,27,就去心诚则灵～
1.38E+14,4.88E+15,6,4.88E+15,2023/3/22 1:19,1,来自广东,Escitalopram_oxalate,7330311230,female,180,11,年轻人快累死了 连个基本双休都保障不了！双休呼声这么高都跟聋了没听到一样
1.38E+14,4.88E+15,6,4.88E+15,2023/3/22 1:19,0,来自辽宁,幼儿园抢饭第一名嘿嘿,7355153816,female,683,2,我祈求祖国繁荣昌盛
1.38E+14,4.88E+15,6,4.88E+15,2023/3/22 1:04,0,来自四川,U型云霄飞车羊肉串糖,7385016438,female,530,9,少他妈管我上香你也要管什么都被你管完了滚
1.38E+14,4.88E+15,6,4.88E+15,2023/3/21 23:27,0,来自辽宁,小馄饨回忆录,5694787746,male,362,56,不说别的，来回来去加班干活的，有几个老人？况且您这个烧香的数据是怎么来的能方便公布一下么？
1.38E+14,4.88E+15,6,4.88E+15,2023/3/21 22:37,0,来自湖南,那个养猫佬,5105159400,male,55,253,靠自己有用的话还烧香干嘛？
1.38E+14,4.88E+15,7,4.88E+15,2023/3/21 22:21,0,来自上海,vincent1191,5908194857,male,63,2,只字不提房价
1.38E+14,4.88E+15,7,4.88E+15,2023/3/21 22:13,0,来自重庆,墨玉微瑕yu,5943251863,female,90,48,年轻人宁愿信神也不愿意信□□了
1.38E+14,4.88E+15,7,4.88E+15,2023/3/21 22:07,0,来自贵州,不许人间见白头_880,6578404322,male,335,17,句句不谈薪资，条条不离奉献，桩桩不谈好处，事事皆讲境界 这兄弟说得真挺不错[尬笑]
1.38E+14,4.88E+15,7,4.88E+15,2023/3/21 22:05,0,来自黑龙江,哈哈伸个懒腰,7303662641,female,178,32,这种文案都有工作年轻人没工作真的不值要不把你位置让一下吧
1.38E+14,4.88E+15,7,4.88E+15,2023/3/21 21:58,0,来自江苏,江尹玉,7559213689,female,250,3,什么都评只会害了你
1.38E+14,4.88E+15,7,4.88E+15,2023/3/21 21:52,1,来自江苏,敏敏不灵敏呀,6443541890,female,91,5,你们再抨击，人家该说现在年轻人反骨太重了谨慎发炎
1.38E+14,4.88E+15,7,4.88E+15,2023/3/21 21:50,0,来自广西,达拉达拉小达拉,5513583326,female,1359,105,我就问一个月三千无社保你干不干
1.38E+14,4.88E+15,7,4.88E+15,2023/3/21 21:33,0,来自江苏,学习如何手插兜看世界,2212650980,male,162,244,据报道？据哪个报道？
1.38E+14,4.88E+15,7,4.88E+15,2023/3/21 21:18,0,来自陕西,轻舟已过万重山mlsndjg,7497491273,male,316,20,不上香上你吗？
1.38E+14,4.88E+15,7,4.88E+15,2023/3/21 20:34,0,来自广东,笛卡尔与你,2968576407,female,61,70,官媒的关注为什么这么奇怪？
1.38E+14,4.88E+15,7,4.88E+15,2023/3/21 20:33,0,来自广东,唧唧哇哇哇哇哇a,6671395019,male,64,1,要是太闲可以播天气预报
1.38E+14,4.88E+15,7,4.88E+15,2023/3/21 20:30,0,来自江苏,方迷失,5502106886,female,283,188,打车去杭州烧香
1.38E+14,4.88E+15,7,4.88E+15,2023/3/21 20:24,0,来自河北,万能的烂炖火锅,7619610325,male,671,2,要你管，有用我还上香么
1.38E+14,4.88E+15,7,4.88E+15,2023/3/21 20:23,0,来自山西,安吉莉娜彼岸花开-886,6043704099,female,29,54,去寺庙也得走过去
1.38E+14,4.88E+15,7,4.88E+15,2023/3/21 20:20,0,来自广东,精神病大爆发创烂全世界,6598210194,female,1099,54,管那么多干嘛
1.38E+14,4.88E+15,7,4.88E+15,2023/3/21 20:08,0,来自宁夏,7ay_7ay,7004930464,female,185,15,少管我
1.38E+14,4.88E+15,7,4.88E+15,2023/3/21 20:01,2,来自海南,您好Z先森,2911085457,male,233,138,上课和上进是为了让生活变得更好，然而现实是残酷的，年轻人要面对各种压力，而这种压力靠上课和上进并不能得到解决，人在无助的时候是需要一个心灵寄托的，而且“上香”不也是一种变相的上进吗，“上香”也总好过摆烂！想要解决年轻人上香的问题不如解决贫富差距过大，生存压力过大，各种不良内卷吧！
1.38E+14,4.88E+15,7,4.88E+15,2023/3/21 19:56,1,来自甘肃,272不知道叫啥,5776802680,male,594,121,牛马真的不够了，韭菜快生小韭菜lalala
1.10E+14,4.88E+15,8,4.88E+15,2023/3/21 19:55,1,来自天津,Annemini11,5406089036,female,532,110,上香挨着谁了？媒体没什么评的可以预报天气
1.10E+14,4.88E+15,8,4.88E+15,2023/3/21 19:50,1,来自安徽,summting,7767255939,female,151,0,呵呵，我想知道写这篇文章的人有多上进？以为自己是什么努力的人？
1.10E+14,4.88E+15,8,4.88E+15,2023/3/21 19:41,0,来自浙江,likethedevil_,6068140773,female,152,178,去上香根本原因是什么你不知道吗
1.10E+14,4.88E+15,8,4.88E+15,2023/3/21 19:38,0,来自江西,寒天梦生,6053047016,male,31,102,永远关心的是哪个媒体
1.10E+14,4.88E+15,8,4.88E+15,2023/3/21 19:36,0,来自浙江,#NAME?,5910242062,female,345,129,少管
1.10E+14,4.88E+15,8,4.88E+15,2023/3/21 19:32,0,来自河北,youziilll,2950863941,male,91,22,休息时间去趟寺庙就成不上进了？只有24小时住在办公室才叫奋斗呗
1.10E+14,4.88E+15,8,4.88E+15,2023/3/21 19:30,1,来自江苏,皮皮困困了,5252766488,female,60,2,说起来有点可笑，我们求的只是八小时工作制、不加班、双休等工人阶级用生命争取来的权益
1.10E+14,4.88E+15,8,4.88E+15,2023/3/21 19:26,0,来自广东,首航15622007,5283697234,male,300,10,新封 建主意
1.10E+14,4.88E+15,8,4.88E+15,2023/3/21 19:09,1,来自广东,切勿迷思,5772175260,female,558,411,烧个电子香都要管？
1.10E+14,4.88E+15,8,4.88E+15,2023/3/21 19:09,0,来自河南,克勃特,5034660121,male,135,97,谁说不上课了？？？
1.10E+14,4.88E+15,8,4.88E+15,2023/3/21 19:05,0,来自陕西,Jesse_洋一,2150785913,female,171,284,才上过香，保佑我彩票中奖！
1.10E+14,4.88E+15,8,4.88E+15,2023/3/21 19:04,0,来自湖南,小小小柚纸,2484943962,female,238,279,不上进？考得好不如报得好谁懂啊，要是也像高考那样知道分数以后再填报，我也不求菩萨拜佛了
1.10E+14,4.88E+15,8,4.88E+15,2023/3/21 19:02,0,来自上海,白野strawberry,5256295085,female,515,581,生活太无聊我只是跟风好玩
1.10E+14,4.88E+15,8,4.88E+15,2023/3/21 18:52,1,来自江西,凤梨罐头碰冰,3541001924,female,184,151,“说到这，我的privilege就一展无遗了”
1.10E+14,4.88E+15,8,4.88E+15,2023/3/21 18:48,0,来自福建,吃一口小蛋糕怎么了,6558436163,female,78,41,？？？）
1.10E+14,4.88E+15,8,4.88E+15,2023/3/22 14:56,4,来自北京,熊啊这是,2069096171,female,535,858,真的笑发财，不上香难道上吊么
1.10E+14,4.88E+15,8,4.89E+15,2023/4/4 21:05,0,来自福建,破戒武僧叶枯林,1516127117,male,1807,642,你怎么不说这是中国式解放神学的兴起？
1.91E+11,4.88E+15,9,4.88E+15,2023/3/22 11:13,0,来自吉林,Drunk1922,5851962261,female,44,10,这是北京日报评得 说年轻人不上进得是新京报
1.91E+11,4.88E+15,9,4.88E+15,2023/3/22 15:48,1,来自浙江,二次元南凝bot,7514596794,female,40,0,难道上街
1.91E+11,4.88E+15,9,4.89E+15,2023/4/15 21:59,0,来自陕西,淼淼淼淼白24283,7381667332,male,36,0,不谈现在年轻人到底面对的压力，就搁这拼搏奋斗假大空，祝媒体早日倒闭，祝编辑早日辞退，永远找不到工作
1.91E+11,4.88E+15,9,4.89E+15,2023/4/6 9:19,0,来自重庆,抽象带师哥,6495656506,male,156,0,腰疼吗，坐一会吧
1.91E+11,4.88E+15,9,4.88E+15,2023/3/24 11:07,0,来自江苏,柒咕咕咕咕咕咕,7564203716,female,264,0,快丨
1.91E+11,4.88E+15,9,4.88E+15,2023/3/22 14:15,0,来自辽宁,和叶hey,6644161667,female,18,1,只是生活压力大 寻找一个心灵寄托也不行吗
1.91E+11,4.88E+15,9,4.88E+15,2023/3/22 13:39,0,来自四川,Tobaccoproducts123,7819728797,female,27,9,？
1.91E+11,4.88E+15,9,4.88E+15,2023/3/22 11:41,0,来自江苏,软米糕,7793648321,female,40,0,管的是真宽啊，多么高高在上的媒体，嘴一张，笑八方
1.91E+11,4.88E+15,9,4.88E+15,2023/3/22 10:40,0,来自广东,什么时候拥有魔法,6992270567,female,22,3,我是坐到他家堂上让他子子孙孙拜了吗？这个应激反应是怎么回事
1.91E+11,4.88E+15,9,4.88E+15,2023/3/22 9:10,0,来自山东,又是昵称不可用啊,7766003577,female,53,0,因为没有你这个破嘴
1.91E+11,4.88E+15,9,4.88E+15,2023/3/22 8:54,0,来自江苏,栀暖棠深58184,7411344824,male,146,0,一个片面的现象就这样否定了年轻人们的努力？
1.91E+11,4.88E+15,9,4.88E+15,2023/3/21 21:57,0,来自四川,三月的小丸子就爱吃丸子,7539697625,female,42,0,我就爱上
1.91E+11,4.88E+15,9,4.88E+15,2023/3/21 19:34,0,来自浙江,樱五L,7542221755,male,13,0,不仅上香 我还抽出裤衩子里的皮筋 做成弹弓 弹你家玻璃！
1.91E+11,4.88E+15,9,4.88E+15,2023/3/21 19:22,0,来自陕西,别管我了让我疯吧,7733388234,female,77,2,少管我
1.91E+11,4.88E+15,9,4.88E+15,2023/3/21 18:54,0,来自广东,清川Here,6045848295,male,99,46,未知苦处，不信神佛。
1.91E+11,4.88E+15,9,4.93E+15,2023/7/24 9:21,0,来自广西,大幻化网-心明,5864621387,male,272,398,没办法，压力太大。其实也不过是一种娱乐而已！
1.91E+11,4.88E+15,10,4.89E+15,2023/4/6 17:45,0,来自福建,中举未半而中道崩殂,5777328520,male,30,37,建议考察一下宗教一开始存在的意义再来指指点点
1.91E+11,4.88E+15,10,4.89E+15,2023/4/5 19:57,0,来自四川,w马猴烧鱼w,3923808117,male,266,200,高高在上，不食肉糜。 什么时候上层回到人民群众中间再来评价吧。现在的你们不配评价我们。
1.91E+11,4.88E+15,10,4.89E+15,2023/4/5 8:32,0,来自湖北,2020lc请瘦,3558499262,male,342,25,把人逼到上香，结果香也不让上。咋的，非得上膛
1.91E+11,4.88E+15,10,4.89E+15,2023/3/31 11:53,0,来自陕西,远山残叶,7830233600,male,1,0,我用一首诗来回答新京报的问题，为什么年轻人不上课不上进只上香！ 《贾生》 李商隐 宣室求贤访逐臣，贾生才调更无论。 可怜夜半虚前席，不问苍生问鬼神！
1.91E+11,4.88E+15,10,4.89E+15,2023/3/30 17:22,0,来自陕西,moonlight习清,7804997478,female,203,0,关你什么事
1.91E+11,4.88E+15,10,4.88E+15,2023/3/25 15:31,0,来自广东,涧篱遥洪,6802017626,female,500,6,要是生活多点盼头，也不至于上香了。能说出年轻人不上进不上课只上香的是什么zz玩意？
1.91E+11,4.88E+15,10,4.88E+15,2023/3/24 18:44,0,来自新疆,每天都在为别人的绝美爱情落泪,5770152371,male,71,0,这就给小编亲🐴上香
1.91E+11,4.88E+15,11,4.88E+15,2023/3/24 16:38,0,来自陕西,欲言又止欲说还休,6385235546,male,750,6,fine，大家都上吊你们就满意啦
1.91E+11,4.88E+15,11,4.88E+15,2023/3/24 16:09,1,来自安徽,我凯他超6,7504719024,female,66,1,不上香难道上街吗
1.91E+11,4.88E+15,11,4.88E+15,2023/3/24 14:55,0,来自山东,Buke不-可,6062375197,male,85,13,会评哥子
1.91E+11,4.88E+15,11,4.88E+15,2023/3/24 12:32,0,来自吉林,田心无羽,7716803312,female,257,3,年轻人爱做什么做什么关你屁事
1.91E+11,4.88E+15,11,4.88E+15,2023/3/24 10:13,0,来自浙江,yinanjie,2007192573,male,617,193,管你屁事
1.91E+11,4.88E+15,11,4.88E+15,2023/3/24 7:45,0,来自山东,我希望宇宙和平,5645183475,female,39,79,这篇评论不是在替那些被指责上香的年轻人说话吗为什么都在喷啊，要喷不应该喷新京报吗
1.91E+11,4.88E+15,11,4.88E+15,2023/3/23 22:17,0,来自江苏,来口豚吧,7598512767,female,183,7,有问题的不是这篇文章吧？怎么被冲了
1.91E+11,4.88E+15,11,4.88E+15,2023/3/23 14:09,0,来自四川,YKitttttt,5245094705,male,327,13,这溢出屏幕的爹味
1.91E+11,4.88E+15,11,4.88E+15,2023/3/23 12:09,0,来自湖南,鞠婧祎的御用小橘子,7322841178,male,1231,1.1万,少来烦姐哈管那么宽，你家住海边呐
1.91E+11,4.88E+15,11,4.88E+15,2023/3/23 10:12,0,来自四川,Plz_never,2647528251,male,270,81,给田闻之妈上的
1.91E+11,4.88E+15,12,4.88E+15,2023/3/23 9:09,0,来自陕西,莫名其妙的无厘头,2243982592,female,289,276,奋斗有用的话 我上香干嘛
1.91E+11,4.88E+15,12,4.88E+15,2023/3/22 21:41,0,来自上海,五亿个铃铛在叮当作响,7239753377,female,62,5,要你管
1.91E+11,4.88E+15,12,4.88E+15,2023/3/22 17:30,0,来自广东,无心离荷,6364029977,female,186,105,你看不惯我的话可以给你也上香
1.91E+11,4.88E+15,12,4.88E+15,2023/3/22 15:56,0,来自陕西,刺猬会受伤吗,2014992657,female,114,164,看到一网友说，面试完拿着简历去烧香，结果一激动，把简历投进了功德箱，大家就说现在佛祖的业务范围这么广了嘛？
1.91E+11,4.88E+15,12,4.88E+15,2023/3/22 15:16,0,来自广东,中特嬉皮士,7791476662,male,145,9,回复:狠狠点了 哈哈哈哈哈哈哈 笑死
1.91E+11,4.88E+15,12,4.88E+15,2023/3/22 15:00,0,来自黑龙江,PupSamoyed,5320667791,female,2515,179,明天就去寺庙[親親]//:上课有用我上香干嘛?
1.91E+11,4.88E+15,12,4.88E+15,2023/3/22 14:53,1,来自辽宁,-NAIDA-,5319109776,female,224,373,上香求得很多，就不能是去求平安的吗，管的不少，该管的不管，不该管的瞎管
1.91E+11,4.88E+15,12,4.88E+15,2023/3/22 14:46,0,来自浙江,就叫这个fiona,7752682853,male,438,28,怎么你了
1.91E+11,4.88E+15,13,4.88E+15,2023/3/22 12:59,1,来自黑龙江,YUZURU亭,6596740936,female,279,41,评论都在说啥，这个博文的意思不就是希望大家不要上纲上线，关注年轻人的需求嘛？这不是好事儿？
1.91E+11,4.88E+15,13,4.88E+15,2023/3/22 12:54,0,来自广东,不讲究不将就31904,6609471833,male,457,34,那是有人画大饼，有人真信了，开始给这些人画大饼的人做大饼。做大饼没吃成被这些画大饼的人给吃了。吃不下去了赏给做大饼一口饭吃。做大饼的还得感谢画大饼的人，没让他们饿肚子。做大饼的还没地方说理去，只好去寺庙烧香拜佛。
1.91E+11,4.88E+15,13,4.88E+15,2023/3/22 12:42,0,来自重庆,晚风吹起我的呆毛,6283745609,male,12,2,没错是给你妈上的
1.91E+11,4.88E+15,13,4.88E+15,2023/3/22 12:31,1,来自广东,wb撤硕找乐子,5973494532,male,64,5,关老爷御用媒体罢了，还真指望它能放出什么好pi
1.91E+11,4.88E+15,13,4.88E+15,2023/3/22 12:22,0,来自云南,放大招不含糖,5453253251,male,1021,151,干着美元价值的活，拿着越南盾价值的工资。我们的未来充满进步空间。
1.91E+11,4.88E+15,13,4.88E+15,2023/3/22 12:02,1,来自重庆,回信酸甜口,6887617145,female,152,15,这个词条，笑得
1.91E+11,4.88E+15,13,4.88E+15,2023/3/22 10:46,0,来自甘肃,虎皮蛋糕卷aa,3274241272,female,424,92,关你屁事
1.91E+11,4.88E+15,14,4.88E+15,2023/3/22 10:33,0,来自陕西,鬿魀魆魊魋魌魉魐魒魓魕魖魆魋魖,6807341611,female,288,10,行，以后给你烧
1.91E+11,4.88E+15,14,4.88E+15,2023/3/22 10:22,0,来自山东,整治这个p互联网,7684169085,female,248,9,懂了，不让搞宗教是吧
1.91E+11,4.88E+15,14,4.88E+15,2023/3/22 10:08,0,来自广东,渴望毁灭地球,5837688618,female,772,104,关你屁事
1.91E+11,4.88E+15,14,4.88E+15,2023/3/22 9:52,0,来自北京,还不是因为橙汁兑了水,7150407154,female,73,37,咸吃萝卜淡操心，不上香上你吗？钱钱赚不到，211985毕业跪地捡碎银就是你们要的，考个公把一百五过不了面试线，考个研二百七进不了复试，干啥啊，我还能干啥啊？就行整个社会压榨这群年轻人，不行我们上个香，你给我几个钱啊，给我生活的希望了吗，再不上个香我就要委屈死了
1.91E+11,4.88E+15,14,4.88E+15,2023/3/22 8:18,0,来自北京,小奥俊,3220812737,male,3963,1647,疫情后时代的后遗症，因为当下大环境不景气，全球经济民生都不好过，倒闭破产裁员降薪缩减开支等景象在世界各国上演，烧香拜佛玩祈祷上帝那套也就顺理成章。本来趁着疫情冲击，房价好不容易要打下来，结果各地政府着急第一时间保房价，甚至不惜炸楼拆新楼，强制稳定供需比例，三四十年后，人口腰斩定了
1.91E+11,4.88E+15,14,4.88E+15,2023/3/22 8:17,0,来自中国香港,emNxMTAwCg,1745964000,male,220,525,发这种文章的人是不是傻
4.88E+15,4.88E+15,15,4.88E+15,2023/3/22 0:42,0,来自广东,秦水-三,6622652151,female,67,92,关你屁事？
4.88E+15,4.88E+15,15,4.88E+15,2023/3/22 0:07,0,来自黑龙江,白盐耶耶,7704337129,female,175,46,其实去寺庙上香已经算勤快了 我都直接躺床上心里拜
4.88E+15,4.88E+15,15,4.88E+15,2023/3/21 23:31,0,来自福建,沈炎浴20w,6981986209,male,366,14,能不能先让老板，按时发工资啊？
4.88E+15,4.88E+15,15,4.88E+15,2023/3/21 22:59,0,来自云南,我只是一碗番茄鸡蛋面,7554853218,female,134,54,真受不了了一天天对着年轻人骂了。。。
4.88E+15,4.88E+15,15,4.88E+15,2023/3/21 22:19,32,来自湖北,放弃微博从我做起,2581138683,male,121,43,回复:本来就没人信，无非就是放个屁不想让大家开心罢了
4.88E+15,4.88E+15,15,4.88E+15,2023/3/21 22:19,0,来自吉林,对没错是我啊,2942107691,female,192,181,管的真多
4.88E+15,4.88E+15,15,4.88E+15,2023/3/21 21:46,0,来自河南,Goodnight使徒安,7307548774,male,253,7,急死了急死了
4.88E+15,4.88E+15,15,4.88E+15,2023/3/21 21:18,0,来自河南,宇宙第一幸运-福星高照小女孩,7512234774,female,57,23,哈哈哈哈哈哈瞬间想到爱去寺庙的你
4.88E+15,4.88E+15,16,4.88E+15,2023/3/21 21:11,2,来自浙江,我爱吃芝士咸蛋黄也爱吃千岛酱,3942593675,male,335,145,少管
4.88E+15,4.88E+15,16,4.88E+15,2023/3/21 20:51,0,来自云南,狐狸小唧唧,7731317132,male,77,1,关你屁事
4.88E+15,4.88E+15,17,4.88E+15,2023/3/21 20:00,0,来自山东,她开着她的拖拉机上了飞机,6638206604,female,200,19,闭嘴吧你们媒体
4.88E+15,4.88E+15,17,4.88E+15,2023/3/21 19:56,0,来自浙江,新生亡梦Niel,2089228855,male,152,56,只是为了去感受一下烟火气，放松一下心灵，总是待在高层建筑里很压抑的嘛
4.88E+15,4.88E+15,17,4.88E+15,2023/3/21 19:54,0,来自浙江,苏酥藜落,7767680502,female,79,34,关你屁事
4.88E+15,4.88E+15,17,4.88E+15,2023/3/21 19:41,1,来自四川,Lee茯苓,5561356876,female,335,80,还不上进？大批大批年轻人加班到九十点的一大把。 还要年轻人怎么样？ 要不集体埋了吧
4.88E+15,4.88E+15,17,4.88E+15,2023/3/21 19:36,0,来自广东,磨旧的时光527,7441600444,male,3,0,这些招小日子都用，然并卵
4.88E+15,4.88E+15,17,4.88E+15,2023/3/21 19:33,0,来自广东,龙城大学物理系的小豆子,5448380030,female,368,1787,关你屁事
4.88E+15,4.88E+15,17,4.88E+15,2023/3/21 19:31,1,来自北京,苏州初见雨霖铃,7443068537,female,338,29,多管闲事
4.88E+15,4.88E+15,17,4.88E+15,2023/3/21 19:26,0,来自上海,你不为所知的世界,3304882490,female,521,212,没女的事你少管
4.88E+15,4.88E+15,18,4.88E+15,2023/3/21 19:25,0,来自四川,原来的小九九,3867700754,female,45,119,没新闻的话你可以不发
4.88E+15,4.88E+15,18,4.88E+15,2023/3/21 19:19,0,来自北京,SOMSF,6564214514,male,362,42,关你屁事
4.88E+15,4.88E+15,18,4.88E+15,2023/3/21 19:18,2,来自上海,爱喝咖啡的喵崽,5992608874,female,967,17,管的真多
4.88E+15,4.88E+15,18,4.88E+15,2023/3/21 19:17,0,来自河南,多愁善感的小小孩,5993576064,male,537,42,劳资上什么管它屁事，制杖媒体
4.88E+15,4.88E+15,18,4.88E+15,2023/3/21 19:16,1,来自北京,往后我叫李荣坤,6169792004,male,1577,61,6
4.88E+15,4.88E+15,18,4.88E+15,2023/3/21 19:14,14,来自福建,今天赶稿了吗,7510151533,female,308,1146,大可不用盯着年轻人，所谓上香热不过是社交媒介的推波助澜和当下年轻人无法排解的焦虑感，焦虑感是哪来的呢？？？
4.88E+15,4.88E+15,18,4.88E+15,2023/3/21 19:13,1,来自湖北,汽水巴巴,2614769947,female,129,205,读书还有用吗？还不是要求要脱下孔乙己的长衫，还不如上香呢。
4.88E+15,4.88E+15,18,4.88E+15,2023/3/21 19:12,3,来自广东,刘建都-网络运营推广,2947605905,male,157,3435,不上进？不上课？只上香？？说实话，京报说话真的欠考虑，不止一次了
4.88E+15,4.88E+15,18,4.88E+15,2023/3/21 19:11,0,来自河南,呔北1,7498441043,male,27,0,关你屁事
4.88E+15,4.88E+15,18,4.88E+15,2023/3/21 19:09,0,来自云南,扎破历史的车轮,2887960274,male,440,161,上香是实打实的心理安慰，上课上进这快是了
4.88E+15,4.88E+15,19,4.88E+15,2023/3/21 19:09,0,来自广东,蓝调奶酪,5251915558,female,114,44,上课上进有用的话我还上香？
4.88E+15,4.88E+15,19,4.88E+15,2023/3/21 19:09,0,来自广东,吴言昕1214,2803344287,female,158,3万,你是用屁眼看到年轻人不上学不上进的吗
4.88E+15,4.88E+15,19,4.88E+15,2023/3/21 19:08,0,来自四川,努力积极的小L,1667177963,female,493,174,管你们球事！！！
4.88E+15,4.88E+15,19,4.88E+15,2023/3/21 19:06,1,来自广东,Jonathan_Joestarrr,6077598170,male,65,195,关你屁事管好你们该报道的
4.88E+15,4.88E+15,19,4.88E+15,2023/3/21 19:05,0,来自重庆,南霖沫,6607148401,male,104,12,关你屁事…
4.88E+15,4.88E+15,19,4.88E+15,2023/3/21 19:04,0,来自江西,坚持贾克斯,6354759906,male,196,332,给你妈上香
4.88E+15,4.88E+15,19,4.88E+15,2023/3/21 19:03,1,来自澳大利亚,turnofftheNight,5276314287,male,108,11,关你屁事
4.88E+15,4.88E+15,19,4.88E+15,2023/3/21 19:01,0,来自山东,起于山林z,5692391822,female,251,134,关你屁事
0,4.88E+15,20,4.88E+15,2023/3/21 18:59,0,来自福建,儒艮,6696657260,male,1586,142,关专家屁事
0,4.88E+15,20,4.88E+15,2023/3/21 18:55,0,来自广东,康师傅金汤肥牛,5662209454,male,59,3,前面说的我不同意，但是【只上香】特别是电子香这个可就太tm典了。动不动就转个什么图片什么锦鲤转运气，转个吉祥物或者谐音梗祈祷，又或者特别是b站的弹幕，遇到什么烟花什么就搁那里上香，多少沾点...
0,4.88E+15,20,4.88E+15,2023/3/21 18:54,1,来自广东,咚升_ChunHae,1849099835,female,4052,205,🤒🤒🤒管那么多干嘛啊？
0,4.88E+15,20,4.88E+15,2023/3/21 18:52,2,来自浙江,-瓶瓶瓶瓶瓶子-,2402923212,male,63,84,当你发现的未来毫无希望，你就只能诉诸神佛…
0,4.88E+15,20,4.88E+15,2023/3/21 18:46,0,来自广西,坚果爱奶酪,6514745223,female,502,262,首先我乐意其次你又怎么知道我们不上课不上班?最后我自己的生活只要不违fa犯zui违背道德我想怎么过就怎么过
1.39E+14,4.88E+15,1,4.88E+15,2023/3/21 10:40,372,来自中国香港,别咬了很疼,7389352470,female,415,1386,爱上香怎么你了
1.39E+14,4.88E+15,1,4.88E+15,2023/3/21 11:03,306,来自中国香港,我要回那坦星球,6916101487,male,217,31,自己改革开放的红利吃得一干二净，翻身变资本家之后指责打工人不努力。真有你的
1.39E+14,4.88E+15,1,4.88E+15,2023/3/21 10:41,202,来自河南,鲁迅的忠实粉丝007号,7725847177,male,216,33,这么多年轻人为啥迷信，你们不清楚么
1.39E+14,4.88E+15,1,4.88E+15,2023/3/21 10:38,131,来自广东,夹克伯哥,7504875796,male,95,15,集体精神的沉沦是件可怕的事情，但让年轻人振作不能光靠打鸡血讲道理，明白年轻人的难处，让年轻人看得到希望、有奔头，奋斗才有内在的源动力。
1.39E+14,4.88E+15,1,4.88E+15,2023/3/21 10:21,107,来自北京,浩克想静静,7458722628,female,360,3,越绝望越迷信，大家都太难了
1.39E+14,4.88E+15,1,4.88E+15,2023/3/21 10:51,84,来自江苏,冷漠面具后的悲伤,5343884782,male,188,110,奋斗毛线呢，资源都被把控。还叫人奋斗，那不是奋斗那叫奴隶而已。新时代卖身契
1.39E+14,4.88E+15,1,4.88E+15,2023/3/21 11:01,66,来自山东,霓喃815,1770072613,female,318,247,社会把年轻人卷的这么厉害，上上香解解压都不行了？
1.39E+14,4.88E+15,1,4.88E+15,2023/3/21 10:35,34,来自河北,金融吐槽师,6064061175,male,112,196,去送外卖吧，上点进
1.39E+14,4.88E+15,1,4.88E+15,2023/3/21 10:48,47,来自安徽,长安多病无生计,7465840696,male,196,13,至于吗，成天盯着年轻人这不对那不好的，先管好自己吧
1.39E+14,4.88E+15,1,4.88E+15,2023/3/21 11:10,38,来自河南,小甜有话说,6030434890,female,52,35,不多说了末法时代，各自珍重吧，我继续念《大乘离文字普光明藏经》了，劝小编不要乱说话，小心造谤佛的口业，入阿鼻地狱，阿弥陀佛🙏🙏🙏
1.39E+14,4.88E+15,1,4.88E+15,2023/3/21 10:44,35,来自北京,胶州生楚陈,7818674473,female,177,2,老人也得奋斗啊，别老指着年轻人，别老给年轻人派活儿，别老站在旁边指手画脚，自己跟着干啊
1.39E+14,4.88E+15,1,4.88E+15,2023/3/21 11:03,15,来自广东,好运长有-精力体力充沛强劲,1643588781,female,1077,185,上香内容：领导要做好带头997
1.39E+14,4.88E+15,1,4.88E+15,2023/3/21 11:17,10,来自上海,#NAME?,1977658533,female,48,1058,我给祖宗上香怎么你了？不是优良传统特色文化了吗？
1.39E+14,4.88E+15,1,4.88E+15,2023/3/21 16:28,2,来自广东,三豆科技,5539418042,male,89,82,现实生活中看不到希望才会诉诸宗教
1.39E+14,4.88E+15,1,4.88E+15,2023/3/21 11:57,6,来自广东,TITI周蒂,1731922482,male,1001,915,韭菜稍微放松一点他们都看不过去。
1.39E+14,4.88E+15,1,4.88E+15,2023/3/21 11:21,4,来自上海,helix_shell,1912075622,male,4096,363,不要一味的去责怪别人，而是思考这个社会为什么会让年轻人变成这样
1.39E+14,4.88E+15,1,4.88E+15,2023/3/21 14:37,3,来自广东,长久可爱呀,6751496730,female,101,56,《骆驼祥子》里面有句话，乱世的热闹来自迷信，，，，
1.39E+14,4.88E+15,1,4.88E+15,2023/3/21 12:44,3,来自广东,哆啦兄,1742602493,male,806,378,是在给这tmd的现实上香，祭奠这不想过的日子，希望惨淡的一切都尽快死去。
1.10E+14,4.88E+15,2,4.88E+15,2023/3/21 11:19,3,来自安徽,ISBN978Q,6348595685,female,1157,80,少来。古之立大事者在于起义
1.10E+14,4.88E+15,2,4.88E+15,2023/3/21 11:01,9,来自上海,北枝花_,2284026362,female,186,41,建议编辑带头奋斗，今天再写10篇稿件
1.10E+14,4.88E+15,2,4.88E+15,2023/3/21 11:31,3,来自上海,一只小鱼游过来,3838175607,female,3701,701,怎么奋斗啊？往哪儿奋斗啊？35岁就不要了，30岁找工作说不要30以下的。
1.10E+14,4.88E+15,2,4.88E+15,2023/3/21 11:55,5,来自四川,熊大轩,2977903172,male,207,187,大家好好干，他们的日子越来越甜
1.10E+14,4.88E+15,2,4.88E+15,2023/3/21 11:24,0,来自福建,十多天过去了,5809515358,male,295,32,凭什么要求年轻人奋斗？不应该轻轻松松享受生活吗
1.10E+14,4.88E+15,2,4.88E+15,2023/3/21 10:43,9,来自上海,至少睡七个小时啊bijinn,5383381106,female,103,23,呸。
1.10E+14,4.88E+15,2,4.88E+15,2023/3/21 13:02,2,来自辽宁,人间起炊烟,3605490247,female,158,307,确实。   我不努力，我老板怎么开九位数的豪车呀！周公子们怎么喝六位数一斤的茶味呀！！
1.10E+14,4.88E+15,2,4.88E+15,2023/3/21 11:31,3,来自安徽,朔方节度使2022,7800787340,male,94,7,年轻人奋斗了，他们才能拿丰厚的福利待遇，包括养老医疗教育住房啊。年轻人不当干电池了，他们可不就着急了嘛。
1.10E+14,4.88E+15,2,4.88E+15,2023/3/21 17:14,2,来自江苏,椰袋果酱,6514438365,female,684,229,怎么不锐评一下媒体不事实不真相只流量
1.10E+14,4.88E+15,2,4.88E+15,2023/3/21 10:55,1,来自上海,小天才学习机_,5355517705,male,246,58,不懂就问，为了什么奋斗鸭
1.10E+14,4.88E+15,2,4.88E+15,2023/3/21 12:52,0,来自中国,日常想早睡呀,5826406668,female,725,59,就得瞒着头干活给你们交退休金才行 是不
1.10E+14,4.88E+15,2,4.88E+15,2023/3/21 12:27,0,来自四川,马安妙,1925411901,female,240,80,你大爷
1.10E+14,4.88E+15,2,4.88E+15,2023/3/21 12:11,0,来自天津,石遒,1039784405,male,177,10,奶头乐和宗教，最后更迭……符合规律
1.10E+14,4.88E+15,2,4.88E+15,2023/3/21 10:45,2,来自上海,马四毛不吃土中年,7819538092,male,66,10,为房贷努力奋斗~
1.10E+14,4.88E+15,2,4.88E+15,2023/3/21 10:41,8,来自江西,spirit_李多允,2326356421,male,2402,1320,面对几百万上千万的房子你告诉我要奋斗。
1.10E+14,4.88E+15,2,4.88E+15,2023/3/21 12:08,2,来自河北,Yuimokin,1849158143,male,252,772,各种门阀开始控制资源，不让信玄学有点指望还让人怎么活啊
1.91E+11,4.88E+15,3,4.88E+15,2023/3/21 10:44,0,来自江苏,甜豆浆bernice·,6587469799,female,1447,1330,鸡鸣寺的周边一个比一个贵但是卖的呼啦啦  有些还要守着时间抢
1.91E+11,4.88E+15,3,4.88E+15,2023/3/25 13:55,0,来自韩国,kokk0-0,7574253349,female,30,0,还不快去搬砖
1.91E+11,4.88E+15,3,4.88E+15,2023/3/23 0:19,0,来自广东,哔哔研究,7563750933,male,49,15,新京报少对韭菜们指指点点🫵
1.91E+11,4.88E+15,3,4.88E+15,2023/3/21 17:50,0,来自浙江,几点能到就觉,7474050055,female,18,0,看到评论区这么说，我就放心了
1.91E+11,4.88E+15,3,4.88E+15,2023/3/21 11:59,0,来自广东,斯莉娲的过去,7519650374,female,60,1,写这话的小编，没去拜过吗？
1.91E+11,4.88E+15,3,4.88E+15,2023/3/21 10:36,0,来自浙江,你叫吃荷包蛋啊,3832779491,male,344,71,报告老板有人骂你！
1.91E+11,4.88E+15,3,4.88E+15,2023/3/23 15:31,0,来自湖北,爪儿乱挥,2034345102,female,65,239,奋斗无法改善物质环境，还不让人家追求一下心灵
1.91E+11,4.88E+15,3,4.88E+15,2023/3/22 8:13,2,来自上海,行为旁观者,1163812852,male,162,160,有什么资格批评别人？
1.91E+11,4.88E+15,3,4.88E+15,2023/3/22 1:10,0,来自广东,焦糖饼好甜喔,2196512971,female,692,658,关你屁事
1.91E+11,4.88E+15,3,4.88E+15,2023/3/21 20:14,2,来自山东,黑子二毛,1652103643,female,352,404,是不是也算是精神觉醒
1.91E+11,4.88E+15,3,4.88E+15,2023/3/21 19:47,0,来自江西,-气泡甜酒-,2520186703,female,791,605,he tui、
1.91E+11,4.88E+15,3,4.88E+15,2023/3/21 16:08,1,来自江西,千山独行毋相送,1052359877,male,109,11,吃蛋糕的时候嫌人多，吃的干干净净。现在来指责奴隶不努力？
1.91E+11,4.88E+15,3,4.88E+15,2023/3/21 12:28,0,来自安徽,失败丁真,6297057038,male,155,32,给你妈上香
1.91E+11,4.88E+15,3,4.88E+15,2023/3/21 12:06,1,来自上海,棠山阁的棠十二,2151251385,female,607,84,关你屁事
1.91E+11,4.88E+15,3,4.88E+15,2023/3/21 11:49,1,来自上海,深海鱼丶乔,5513610673,male,199,334,“田文镜，我爱你！”
1.91E+11,4.88E+15,3,4.88E+15,2023/3/21 11:36,0,来自广东,西施惠惠,7326064654,female,278,30,要是有希望，机会多迷信的人自然就少了
0,4.88E+15,4,4.88E+15,2023/3/21 11:23,0,来自江苏,花式咖啡初学者,1042259205,female,3506,457,不能为了奋斗而奋斗，想奋斗也得有岗位啊。
0,4.88E+15,4,4.88E+15,2023/3/21 11:08,0,来自重庆,糕布萌的冒险再度进化,3648830410,female,496,56,哦
0,4.88E+15,4,4.88E+15,2023/3/21 11:01,1,来自浙江,我们的梦sky,3186887311,male,618,100,奋斗你妈啊
0,4.88E+15,4,4.88E+15,2023/3/21 11:01,0,来自广东,学渣要逆袭210,7088116638,male,169,5,呵呵
0,4.88E+15,4,4.88E+15,2023/3/21 10:50,6,来自安徽,gkcktc,7183644594,male,86,2,清朝和民国为什么不奋斗要造反呢，害的那么多人死
0,4.88E+15,4,4.88E+15,2023/3/21 10:48,6,来自天津,过山车_4566,7401822574,male,241,89,懒得听你们的羞辱了
0,4.88E+15,4,4.88E+15,2023/3/21 10:36,0,来自广东,pigy小姐,2708302937,female,2311,6024,寺庙的手串好买得很
0,4.88E+15,4,4.88E+15,2023/3/21 10:29,5,来自湖南,山山而川rC_,5327311890,male,362,142,加油(ง •_•)ง努力奋斗，给老板换新车
0,4.88E+15,4,4.88E+15,2023/3/21 10:29,1,来自湖北,LiiBeer,2978698747,female,242,105,奋斗个鬼👻
0,4.88E+15,4,4.88E+15,2023/3/21 10:21,1,来自北京,负能量发射biubiubiubiu,3480989261,male,165,109,奋斗无望
0,4.88E+15,4,4.88E+15,2023/3/21 10:17,0,来自广东,京福娃充电桩,3096225915,male,289,210,奋斗才有希望
1.40E+14,4.88E+15,1,4.88E+15,2023/3/21 12:59,222,来自广东,EricWong王,2297858781,male,537,142,写这篇报道的也可能刚上完香
1.40E+14,4.88E+15,1,4.88E+15,2023/3/21 13:02,156,来自四川,淦你大爷的剑来,1991436184,male,415,368,你猜……为啥年轻人想上香……，非得把镰刀斧头拿出来才会让媒体学会闭嘴吧……
1.40E+14,4.88E+15,1,4.88E+15,2023/3/21 12:58,100,来自山东,网上冲浪好玩吗,2805253461,male,1929,706,那先给年轻人缓解一下就业和住房的压力啊。
1.40E+14,4.88E+15,1,4.88E+15,2023/3/21 12:56,62,来自河北,威武的寂寞爵士,1789684497,male,3859,919,管太宽了
1.40E+14,4.88E+15,1,4.88E+15,2023/3/21 12:58,49,来自日本,一般user,7399930921,male,129,1,中国的学生已经这么累了放过他们吧
1.40E+14,4.88E+15,1,4.88E+15,2023/3/21 13:04,34,来自黑龙江,念之之之之之之,3257615354,female,1465,341,但凡上进有用呢
1.40E+14,4.88E+15,1,4.88E+15,2023/3/21 13:30,16,来自广东,阿喵喵与阿汪汪,7229917982,female,108,5.2万,当生活无望才会寄托于超自然力量，所以搁这里骂年轻人不如改变社会环境哦，不然你骂死年轻人也没用
1.40E+14,4.88E+15,1,4.88E+15,2023/3/21 13:06,12,来自广东,大光頭_Parsons,3102410411,male,354,321,一线城市，工作PUA，到手微薄的工资，挤在10几平，最后连散心的权利也没了？
1.40E+14,4.88E+15,1,4.88E+15,2023/3/21 13:00,12,来自陕西,取名字也太辛苦了,5726533042,female,638,269,怎么？自我安慰也要管了吗
1.40E+14,4.88E+15,1,4.88E+15,2023/3/21 12:59,2,来自重庆,三金会长大哥大,1063477407,male,51,134,根本原因在于我们前面还有美国
1.40E+14,4.88E+15,1,4.88E+15,2023/3/21 15:13,3,来自云南,是丹尼呦,6017939226,male,246,7,奋斗你个锤子
1.40E+14,4.88E+15,1,4.88E+15,2023/3/21 13:09,2,来自河南,慢享人间001,5112136818,male,162,102,静下来才能出诺贝尔奖获得者，喧嚣就丢了一切
1.40E+14,4.88E+15,1,4.88E+15,2023/3/21 13:42,3,来自天津,还是昌龙,2926033255,male,27,152,上进改变命运的几率不一定比上香改变命运的几率大
1.40E+14,4.88E+15,1,4.88E+15,2023/3/21 15:36,3,来自浙江,wayway0302,1759994211,female,300,262,拿香是因为没枪。。。跪谢这届年轻人吧
1.40E+14,4.88E+15,1,4.88E+15,2023/3/21 13:06,2,来自广东,元宇宙1984,2207392963,male,1134,171,一个人的命运啊 当然要靠自我奋斗 但是也要考虑到历史的行程
1.39E+14,4.88E+15,2,4.88E+15,2023/3/21 12:59,1,来自山东,27牌猫火锅,1715250524,male,176,2951,只想索取只会抱怨，不愿意努力不愿意付出的人太多了，看看国外吧，社会发展到一定底部这样是常态。可是没有长辈的努力抚触，他们有什么资格享受现在拥有的
1.39E+14,4.88E+15,2,4.88E+15,2023/3/21 12:58,1,来自江苏,蕭邦不會唱夜曲,5147872296,male,241,240,这条比较火，所以再发一遍赢麻了小编
1.39E+14,4.88E+15,2,4.88E+15,2023/3/21 15:02,0,来自贵州,Amour打哭你信不信,3986497616,female,479,54,为啥会上香啊？那还不是有追求嘛啥都不求不上进还上什么香
1.39E+14,4.88E+15,2,4.88E+15,2023/3/21 14:12,0,来自上海,瑜是淘气包,6352845990,female,419,779,哪个dinner媒体评价的捏
1.39E+14,4.88E+15,2,4.88E+15,2023/3/22 8:49,0,来自福建,这是一个好听又好用的名字,6369635279,male,171,9,。。。
1.39E+14,4.88E+15,2,4.88E+15,2023/3/21 22:23,0,来自山东,明天又是新的一天Janey,1716577400,female,203,24,根本原因难道不是整个社会的风气不好吗？一切向钱看，没有信仰，每个人都活的那么累
1.39E+14,4.88E+15,2,4.88E+15,2023/3/21 17:49,0,来自北京,青面条君,2901954384,male,220,292,看不惯年轻人可以尽量不说话
1.39E+14,4.88E+15,2,4.88E+15,2023/3/21 16:23,0,来自辽宁,我生故彼生,1014546194,female,65,35,去趟泉州，寺庙多多门票全是跪拜之人，年轻人确实不少
1.39E+14,4.88E+15,2,4.88E+15,2023/3/21 15:29,0,来自上海,z1z1z1,1001918601,male,56,90,怎么证明上香没用？
1.39E+14,4.88E+15,2,4.88E+15,2023/3/21 14:57,0,来自黑龙江,司命炽烈,1177358271,male,97,105,我想去上香！
1.39E+14,4.88E+15,2,4.88E+15,2023/3/21 14:28,0,来自广东,子彤314,6268710921,female,85,10,反正做什么总有人跳出来说这说那的
1.39E+14,4.88E+15,2,4.88E+15,2023/3/21 14:21,0,来自浙江,甜瓜O_o,2491686651,male,259,56,砖家变成媒体人了？
1.39E+14,4.88E+15,2,4.88E+15,2023/3/21 14:14,0,来自江苏,寸心不昧-万法皆明,1676335330,female,383,381,求求你们别瞎指点年轻人了，管好你自己，我这年轻人的家长都看不下去了。
1.39E+14,4.88E+15,2,4.88E+15,2023/3/21 13:35,0,来自河南,请不要再炸了,5271799710,male,107,8,奋斗是年轻人的底色…
1.39E+14,4.88E+15,2,4.88E+15,2023/3/21 13:33,1,来自北京,我叫one-day,1788909683,female,413,1163,都累死了 还底色是奋斗 房价红利一个没赶上 还要掏光父母腰包去买个根本不值钱的破房子 真的失望
1.39E+14,4.88E+15,2,4.88E+15,2023/3/21 13:30,0,来自湖南,你的华哈哈呀,5720592596,female,160,16,还不上课“只”进香，标题党被你玩的明明白白
1.39E+14,4.88E+15,2,4.88E+15,2023/3/21 13:29,0,来自陕西,庆幸有你爱我0406,1877040364,female,981,510,奋斗买房子当韭菜？
1.39E+14,4.88E+15,2,4.88E+15,2023/3/21 13:22,0,来自土耳其,大A是世界大粪坑,2360698600,male,70,109,躺平也没有错啊
1.91E+11,4.88E+15,3,4.88E+15,2023/3/21 13:19,0,来自陕西,麻婆部普通部员,1069650962,female,1162,301,你管
1.91E+11,4.88E+15,3,4.88E+15,2023/3/21 13:19,0,来自安徽,世间行走的老六,5721647498,male,70,139,佛祖是这样说的，帮你们问过了。
1.91E+11,4.88E+15,3,4.88E+15,2023/3/21 13:17,0,来自上海,爱若cccc0,1760331174,female,167,338,怎么可能不上课？？ 周末上香也要管？
1.91E+11,4.88E+15,3,4.88E+15,2023/3/21 13:11,0,来自北京,Nocommentsyet,5507858626,female,595,239,放过年轻人吧年轻人中年人老年人想干嘛就干嘛
1.91E+11,4.88E+15,3,4.88E+15,2023/3/21 13:10,0,来自重庆,卦八的北骑南震,2448974572,male,502,405,是的，有几次周末我去重庆南山爬山，路过老君洞，看到烧香的大多数都是年轻人，真的要不得
1.91E+11,4.88E+15,3,4.88E+15,2023/3/21 13:10,0,来自广东,语冰者夏阿,6759021737,male,229,16,不上进只上香
1.91E+11,4.88E+15,3,4.88E+15,2023/3/21 13:05,0,来自河北,小棉花咩团儿,6817754005,male,376,24,专家们也努努力吧，别台上乱说话了，下场来上上班，别一加班就说自己岁数大，不还没退休呢嘛，一个月就给三千块，别嫌少，大家不都这样，专家们也来玩玩吧，可有意思了
1.91E+11,4.88E+15,3,4.88E+15,2023/3/21 17:44,1,来自广东,derX33,7367840919,female,152,8,不上香，你们想年轻人上街？
1.91E+11,4.88E+15,3,4.88E+15,2023/3/21 15:20,0,来自广东,会见到曙光的,5031249769,male,63,8,为什么要奋斗，给那些拆迁户买单？
1.91E+11,4.88E+15,3,4.88E+15,2023/3/21 13:04,3,来自江苏,热翔今天夺冠了吗,7124426203,male,126,66,翻译一下：年轻人一定得卷！！
1.91E+11,4.88E+15,3,4.88E+15,2023/3/21 19:15,0,来自澳大利亚,Thethoughtsofmine,7504982595,female,33,107,不上香，去船上开会吗？
1.91E+11,4.88E+15,3,4.88E+15,2023/3/21 13:18,0,来自辽宁,墨彼耽倾,1848315901,male,118,368,大老爷们不也一边为人民服务一边上香祈祷么
1.91E+11,4.88E+15,3,4.88E+15,2023/3/21 13:14,0,来自广东,人之初___,7550793884,male,19,5,向神佛多诉诉苦这也管？
1.91E+11,4.88E+15,3,4.88E+15,2023/3/22 7:15,0,来自辽宁,抹茶vitamin,3671549541,female,226,185,你可闭嘴吧
1.91E+11,4.88E+15,3,4.88E+15,2023/3/21 14:02,0,来自河南,Just_SayGoodbye,1687120507,male,1061,737,管的真宽
1.91E+11,4.88E+15,4,4.88E+15,2023/3/21 14:01,0,来自北京,都入入,5447279238,male,875,454,看看  写的这个
1.91E+11,4.88E+15,4,4.88E+15,2023/3/21 13:52,0,来自浙江,古涛-心去流浪,1078826523,male,308,302,要么上香，要么上香
1.91E+11,4.88E+15,4,4.88E+15,2023/3/21 13:40,0,来自浙江,死瘸出来浪,2449372262,male,398,202,没点数吗？上香的和高喊口号的相似度高还是低呢？
1.91E+11,4.88E+15,4,4.88E+15,2023/3/21 13:29,0,来自上海,菠萝酸酸爱橙子,7436834161,male,150,7,你猜他们都求什么？可能只是氛围到了从众求个心安敬敬神佛，可能只是求家人康健，可能只是生活工作累了找点新鲜玩法，真是笑死了，年轻人真没躺平，只是没按所谓大人长辈那样的生活路径来过活罢了就开始上纲上线批判，但也说明了一件事，你们越急，说明你们所求更多，欲念更胜，真正要“拜佛的反是你们
1.91E+11,4.88E+15,4,4.88E+15,2023/3/21 13:28,0,来自广东,Alologo,1178800433,male,120,449,基本所有行业被大公司垄断，怎么上进？
1.91E+11,4.88E+15,4,4.88E+15,2023/3/21 13:19,0,来自河北,字数凑不够,1870189230,male,187,125,我不想当韭菜，也不会当韭菜。更不是廉价劳动力。
1.91E+11,4.88E+15,4,4.88E+15,2023/3/21 13:11,0,来自广东,菠萝芒果水蜜桃,1951353307,male,117,361,上香没问题，关键是不上香的时候是否努力。
1.91E+11,4.88E+15,4,4.88E+15,2023/3/21 13:09,0,来自北京,_特朗宝,6251968602,female,704,126,这是我们上进年轻人最后心灵慰藉了 这也批评？自己管好自己吧嘴除了吃饭，还可以闭上
1.91E+11,4.88E+15,4,4.88E+15,2023/3/21 13:07,0,来自广东,kkkxxxzzz,1790295267,male,241,237,关你屁事
1.91E+11,4.88E+15,4,4.88E+15,2023/3/21 13:04,4,来自安徽,nnooWei,5953223540,male,515,682,祥子到死都觉得自己不够努力
1.91E+11,4.88E+15,4,4.88E+15,2023/3/21 13:02,3,来自内蒙古,爱凑热闹小阿嫲,1252225764,female,278,116,管人家上不上香呢 真的是管得好宽 那些搞封建迷信的官员 怎么不劝劝
0,4.88E+15,5,4.88E+15,2023/3/21 13:00,8,来自广东,hoheyh0,2522028623,male,472,323,奴隶躺平了，你们说谁害怕
0,4.88E+15,5,4.88E+15,2023/3/21 12:59,1,来自天津,LZH-23,5735052520,male,1337,34,讲道理谁不会讲
0,4.88E+15,5,4.88E+15,2023/3/21 12:58,1,来自浙江,这些年来__,6416440550,male,1019,92,专家上进吗？
0,4.88E+15,5,4.88E+15,2023/3/21 12:57,4,来自广东,昔日的相思,1751675147,female,758,208,你要不要看看自己在说啥
8.28E+13,4.88E+15,1,4.88E+15,2023/3/21 16:00,256,来自福建,高兴阔,2883026092,male,123,228,我来看看是什么媒体说年轻人上香的，怎么不说老年人去上香啊
8.28E+13,4.88E+15,1,4.88E+15,2023/3/21 16:52,107,来自四川,重双bobo,6747360594,female,145,80,这才是正常人的正常话
8.28E+13,4.88E+15,1,4.88E+15,2023/3/21 17:03,26,来自北京,三鲜兄弟,2022806127,male,50,63,上班上进不如上香，求人求己不如求佛
8.28E+13,4.88E+15,1,4.88E+15,2023/3/21 17:01,20,来自江西,我是阿显吖,6537407082,male,12,14,有效引导
8.28E+13,4.88E+15,1,4.88E+15,2023/3/21 17:16,17,来自广东,_奥莉嘉,3592447974,female,379,306,写得太好了  好感动
8.28E+13,4.88E+15,1,4.88E+15,2023/3/21 17:41,7,来自广东,吃土豆沙拉的狮子,5247763918,female,114,103,正常人该说的话
8.28E+13,4.88E+15,1,4.88E+15,2023/3/21 16:31,8,来自北京,天池里有鱼,3586484413,female,587,366,突然佛系的年轻人
8.28E+13,4.88E+15,1,4.88E+15,2023/3/21 18:41,10,来自江西,goldrush13red,5557285753,male,429,178,正常人写的正常话，但却很少人听的进去。。
8.28E+13,4.88E+15,1,4.88E+15,2023/3/21 20:24,2,来自上海,紀惗榀Is鉁鑶鈑,1581523263,male,525,1489,大力发展经济吧
8.28E+13,4.88E+15,1,4.88E+15,2023/3/21 17:56,4,来自北京,令曦kiki,5554133111,female,176,150,良心媒体
8.28E+13,4.88E+15,1,4.88E+15,2023/3/26 15:34,0,来自山西,努力的去试试看吧,5844159828,female,216,57,背了，希望面试考这个
8.28E+13,4.88E+15,1,4.88E+15,2023/3/22 23:41,0,来自上海,食人鱼Siri,7442680617,female,279,44,好！给你转了！
8.28E+13,4.88E+15,1,4.88E+15,2023/3/22 8:13,0,来自北京,小猫咪荡秋千,6545597025,female,224,10,写得好棒，是真的理解年轻人，而不是站在高处傲慢指点，点赞
8.28E+13,4.88E+15,1,4.88E+15,2023/3/22 8:03,0,来自广东,一口一个小朋友-,2734340510,male,390,268,我们不忧心，我们是最世界最幸福的人
8.28E+13,4.88E+15,1,4.88E+15,2023/3/22 2:22,1,来自北京,哈的哈哈,2120017925,male,381,113,没这么复杂，其实就是为了发个朋友圈。
8.28E+13,4.88E+15,1,4.88E+15,2023/3/21 17:28,4,来自上海,少看论文多跑步,6603417934,male,63,63,有良知的媒体👍🏻
8.28E+13,4.88E+15,1,4.88E+15,2023/3/21 16:31,1,来自北京,Breakhard,1824007667,male,272,999,上香肯定是非理性，且一定耽误分析方法、积极作为的。
8.28E+13,4.88E+15,1,4.88E+15,2023/3/21 19:14,8,来自吉林,Frh0717,7724827508,female,33,0,我们有的生活就够苦了 找点心理安慰怎么了
0,4.88E+15,2,4.88E+15,2023/3/24 5:26,0,来自江西,林书宁丶,6607809700,female,74,0,多为老百姓着想
0,4.88E+15,2,4.88E+15,2023/3/23 7:44,0,来自山东,人到中年月到圆,7803696395,male,513,0,上上香释释压吧
0,4.88E+15,2,4.88E+15,2023/3/24 16:01,0,来自福建,泥土味儿-,5491161130,female,327,237,只是找了个点在支撑自己而已 刚刚去南普陀寺双手合十求健康的时候 眼睛里全是泪（前两天刚在医院抽了十几管血 明天回去继续上班了）
0,4.88E+15,2,4.88E+15,2023/3/22 15:01,0,来自安徽,哆啦A梦的口袋Dr,5518488030,male,130,8,他们去上香又不是上街，有什么好急的
0,4.88E+15,2,4.88E+15,2023/3/21 18:06,0,来自湖北,东方晓日西边宇,2197071550,female,280,136,感动到了
0,4.88E+15,2,4.88E+15,2023/3/21 17:49,4,来自广东,桑榆_已晚,1893443455,male,861,171,应无所住，行于布施。拜佛进香并非有所求，结缘而已。正如金刚经所言：若以色见我，以音声求我，是人行邪见，不能见如来。努力上进奋斗与致虛守笃其实也并不矛盾
1.10E+14,4.88E+15,1,4.88E+15,2023/3/22 18:27,136,来自北京,音悠,1978258257,female,175,34,不如关心为什么只能上香去求
1.10E+14,4.88E+15,1,4.88E+15,2023/3/22 18:19,28,来自北京,雨中游曳的鱼,1071403611,female,332,452,感谢中肯评价
1.10E+14,4.88E+15,1,4.88E+15,2023/3/22 18:25,16,来自山东,cgrcghbydrw,7484090554,female,155,7,终于有说人话的了
1.10E+14,4.88E+15,1,4.88E+15,2023/3/22 18:33,5,来自河南,匆匆过客lee,1371615535,male,200,522,连休息的时间都是挤出来的，何谈生活
1.10E+14,4.88E+15,1,4.88E+15,2023/3/22 18:47,2,来自广东,奥未_883,2981090185,female,313,137,现实说不了真话
1.10E+14,4.88E+15,1,4.88E+15,2023/3/22 18:43,1,来自云南,sunstone1977,7744323432,male,55,0,上进通道在哪里
1.10E+14,4.88E+15,1,4.88E+15,2023/3/22 18:42,1,来自广东,榴莲真的太好吃拉,6730557259,male,531,7,加功德
1.10E+14,4.88E+15,1,4.88E+15,2023/3/22 20:26,0,来自浙江,东阳客,2104242391,male,401,2917,求财求妻求子求好运，求个好未来
1.10E+14,4.88E+15,1,4.88E+15,2023/3/23 6:51,1,来自湖北,不会瑜伽的南河,1548137313,male,1074,2119,有些专家就是闲的慌，没事爱找存在感
1.10E+14,4.88E+15,1,4.88E+15,2023/3/23 11:05,0,来自上海,空山新雨后来时,7292612609,female,137,64,让一个无神论者信了神佛，不为别的，只为心有寄托。别说神佛，四维以上的都信一信，别管那么多~
1.10E+14,4.88E+15,1,4.88E+15,2023/3/22 20:09,0,来自广东,晓得吖,2855781242,female,369,325,求而不得
1.10E+14,4.88E+15,1,4.88E+15,2023/3/22 18:53,0,来自陕西,龙清369,5704660332,female,198,35,我的人生只想暴富 ，一个人住啥都不愁
1.10E+14,4.88E+15,1,4.88E+15,2023/3/22 18:51,0,来自广西,無添加大杯白開,3888314693,female,143,172,今天去求了签  签上说失窃  哎  上个月刚刚失窃完
1.10E+14,4.88E+15,1,4.88E+15,2023/3/22 18:46,0,来自四川,artifactlz,3197361141,male,711,338,想干嘛干嘛 管得真宽
1.10E+14,4.88E+15,1,4.88E+15,2023/3/22 18:24,1,来自安徽,爱阿mui,5725261604,male,137,4,你是懂年轻人的
1.10E+14,4.88E+15,1,4.88E+15,2023/3/22 18:23,0,来自上海,小自在大椿梦,2299441082,male,316,978,有所寄托总还是有希望的
1.10E+14,4.88E+15,1,4.88E+15,2023/3/22 18:22,0,来自湖北,不万能的de青年,1932904473,male,322,136,求放过
0,4.88E+15,2,4.88E+15,2023/3/22 18:22,0,来自河北,梦荒唐呵,1225543665,male,267,331,杞人忧天
0,4.88E+15,2,4.88E+15,2023/3/22 18:17,3,来自重庆,Akavir_重生版,7343632906,male,125,3,俺就是说这算不算媒体自炒啊，一天没事干
0,4.88E+15,2,4.88E+15,2023/3/22 18:17,1,来自北京,海鹿_Fatimah,1965005321,female,165,1442,说了句人话
0,4.88E+15,2,4.88E+15,2023/3/22 20:27,0,来自广东,朱古力仲系士多啤梨,6910412740,male,120,26,所以新京报是什么成分🤔
0,4.88E+15,2,4.88E+15,2023/3/22 19:58,0,来自湖南,木羽西,1656954805,male,170,153,求啥？求佛祖保佑我主啊
0,4.88E+15,2,4.88E+15,2023/3/22 23:17,0,来自福建,04o04o,6986584279,female,80,32,try to talk some sense into you
0,4.88E+15,2,4.88E+15,2023/3/22 20:45,0,来自天津,iissyblue,1758710323,male,177,397,两家京媒火线对战
0,4.88E+15,2,4.88E+15,2023/3/22 20:01,0,来自重庆,insomnia_TeamCap,1752065567,female,76,153,这是反驳新京报的么，还有来有回的
0,4.88E+15,2,4.88E+15,2023/3/22 18:44,0,来自海南,无色受想行识,6547117501,male,83,919,党员能不能去啊？
0,4.88E+15,2,4.88E+15,2023/3/22 18:31,0,来自北京,我在故宫约会,6319338916,female,613,198,说的人话，就是这样
0,4.88E+15,2,4.88E+15,2023/3/22 18:26,1,来自浙江,屮_探梦寻踪_屮,1718966475,male,510,300,当现实问题进入死胡同的时候就只能追求精神上的慰藉了
0,4.88E+15,2,4.88E+15,2023/3/22 18:19,0,来自重庆,跑步5公里,2932135801,male,135,90,就是
1.39E+14,4.88E+15,1,4.88E+15,2023/3/21 17:15,20,来自江苏,ARSEN_KonJan-成工亮剑,2161731402,male,186,503,求人没用，只能求玄学。
1.39E+14,4.88E+15,1,4.88E+15,2023/3/21 17:18,10,来自广西,大猫CallMeBigCat,6057768498,male,876,1551,因为卷不动了
1.39E+14,4.88E+15,1,4.88E+15,2023/3/21 17:19,8,来自上海,河童的童花头,6209610811,female,1680,138,可能日子过得太苦了，需要寻求一种心灵上的寄托
1.39E+14,4.88E+15,1,4.88E+15,2023/3/21 17:24,4,来自浙江,全都被占用了还让我怎么取名字,3034169147,male,408,130,怎么从寺庙门票预订近一半年轻人推导出年轻人不上进这个结论的
1.39E+14,4.88E+15,1,4.88E+15,2023/3/21 17:17,3,来自河南,木花乐园,6597410817,female,369,5,斋饭好吃
1.39E+14,4.88E+15,1,4.88E+15,2023/3/21 19:56,2,来自海南,雪小玩儿手机,5614382567,female,285,1,安静，不争
1.39E+14,4.88E+15,1,4.88E+15,2023/3/21 17:32,2,来自上海,JudyBeibeizhu,1863263954,female,599,139,一种寄托，一个可以诉说的地方，而且心诚真灵
1.39E+14,4.88E+15,1,4.88E+15,2023/3/21 17:38,0,来自四川,丹丹熊,1014370652,female,404,1825,生活太苦，希望神明保佑父母自己平平安安健健康康
1.39E+14,4.88E+15,1,4.88E+15,2023/3/21 17:16,2,来自河北,weixiewi6,1708982164,female,179,451,心理医生
1.39E+14,4.88E+15,1,4.88E+15,2023/3/21 20:35,0,来自广东,sharon88sy,7458460724,female,64,29,我就看不参拜，许愿了要还神
1.39E+14,4.88E+15,1,4.88E+15,2023/3/21 18:30,0,来自辽宁,王钢蛋很爱饿,1982042455,female,501,343,我愿意啊
1.39E+14,4.88E+15,1,4.88E+15,2023/3/21 17:50,0,来自上海,汽水味的糖果丸子,7505643113,female,215,54,卜以决疑，不疑何卜。同理，过得没那么如意才会想着去寺庙拜拜，不然你以为呢
1.39E+14,4.88E+15,1,4.88E+15,2023/3/21 17:46,0,来自广东,哈尔苏菲的星光_小城堡,1888129621,female,198,470,一种寄托，而且寺庙不会太过吵闹喧哗
1.39E+14,4.88E+15,1,4.88E+15,2023/3/21 17:44,0,来自北京,肤白貌美钱多多,7581868492,female,191,302,因为人生太难了，想有点好运气
1.39E+14,4.88E+15,1,4.88E+15,2023/3/21 17:43,0,来自北京,乕蠻,7219279395,male,407,17,迷信那个，不如迷信这个。
1.39E+14,4.88E+15,1,4.88E+15,2023/3/21 17:42,0,来自江苏,人约黄花瘦,1902025540,male,791,82,求心安
1.39E+14,4.88E+15,1,4.88E+15,2023/3/21 17:38,0,来自广东,君見長聿,2509677290,female,36,50,最后还是要靠自己
1.39E+14,4.88E+15,1,4.88E+15,2023/3/21 17:33,1,来自山东,森姑娘不嫌我土,1730074201,male,866,2485,斋饭真心好吃
1.39E+14,4.88E+15,1,4.88E+15,2023/3/21 17:29,0,来自重庆,西红柿炒蛋12345678,1243962407,female,504,1557,现实生活有点苦。保佑父母健康 小朋友健康 自己能发财！大概就这样了吧
1.39E+14,4.88E+15,1,4.88E+15,2023/3/21 17:20,0,来自四川,喳喳的小屋,1486613861,female,148,93,烦事太多，让自己静静
0,4.88E+15,2,4.90E+15,2023/5/23 18:23,0,来自江苏,seasons-in-the-sun丶,2192683900,male,188,2893,不喜欢上进，就喜欢上香
0,4.88E+15,2,4.88E+15,2023/3/21 17:54,0,来自浙江,susanna_辣辣,1241914445,female,228,1571,心里清净
0,4.88E+15,2,4.88E+15,2023/3/21 17:19,2,来自河北,彷徨的花儿,1645336970,female,304,355,清净
0,4.88E+15,1,4.88E+15,2023/3/21 12:19,4,来自安徽,夜卧_听雨,7462803645,male,3301,31,可能太内卷了，才在努力的基础上增加一些保佑罢了，不一定代表不努力
0,4.88E+15,1,4.88E+15,2023/3/21 12:46,5,来自江苏,葵花大斩狮子头,5289895054,male,204,60,大抵是现实中看不到希望，号召专家解决实际问题，少高高在上俯视众生，激化矛盾挑起舆情，不然以后只能在路灯杆上俯视众生
0,4.88E+15,1,4.88E+15,2023/3/21 15:53,1,来自山东,山海平风雨晴,5792231925,female,366,153,再奋斗也不过是“孔乙己”
0,4.88E+15,1,4.88E+15,2023/3/21 13:36,1,来自北京,它的小盆友,5270509688,male,109,5,少他妈扯淡了，年轻人哪个不上进？谁他妈不是为了挣仨瓜俩枣天天奔波？哪有官老爷那么闲情逸致天天呆寺庙？
0,4.88E+15,1,4.88E+15,2023/3/21 13:47,1,来自吉林,心如雪海,1941367934,male,30,432,现在的专家有危机感了，以前制造焦虑让年轻人不断的内卷，自己坐收好处，现在，发现年轻人不卷了，开始急了，毕竟如果所有人都不卷了，自己就不能坐收利益了。
0,4.88E+15,1,4.88E+15,2023/3/21 20:36,0,来自安徽,长江二边二,1799207553,male,219,152,糙
0,4.88E+15,1,4.88E+15,2023/3/21 13:09,0,来自广东,前数码玩家,7227870408,male,747,99,那你禁掉寺庙不就好了
0,4.88E+15,1,4.88E+15,2023/3/21 13:08,0,来自湖北,yuan子能,2509869305,male,514,809,选择比努力重要多了
0,4.88E+15,1,4.88E+15,2023/3/21 12:34,0,来自四川,Raphlcale,5196875112,female,74,3,景区底下卖香，还是不是蓝海
0,4.88E+15,1,4.88E+15,2023/3/21 12:29,0,来自广东,超级令狐聪,1927451457,male,968,328,大佬们说你们韭菜不拼命长 我们还怎么割
0,4.88E+15,1,4.88E+15,2023/3/21 19:18,0,来自浙江,旧呆201902,6985028135,male,89,9,？官员还看风水拜大师呢。烧个香而已。有什么。和以前电子游戏危害青年一样，媒体就喜欢以小博大。
0,4.88E+15,1,4.88E+15,2023/3/21 13:20,0,来自北京,专业沙雕评论,6332112119,male,1220,48,对，要奋斗！只要奋斗180年就可以买得起房买得起车娶得起老婆生的起娃，加油💪
0,4.88E+15,1,4.88E+15,2023/3/21 12:34,0,来自浙江,犀照岛的小仟,6890872408,female,105,54,举头三尺有神明，有无神论，我会两头下注
0,4.88E+15,1,4.88E+15,2023/3/21 12:31,0,来自陕西,鲸鱼和碔砆,2859394342,male,742,275,你咋知道人家不上课？人家就不能既上课又上香
0,4.88E+15,1,4.88E+15,2023/3/21 12:29,0,来自云南,不想起昵称2013,7648546940,female,150,2,就业压力大啊，到处都内卷
0,4.88E+15,1,4.88E+15,2023/3/21 13:47,7,来自广东,imidp,5494817087,male,76,48,上班如上坟，年轻人去上点香没什么，也不妨碍谁。
0,4.88E+15,1,4.88E+15,2023/3/21 14:11,1,来自上海,yuanwang1818,5603767828,female,419,421,大多数人靠努力是没用的
0,4.88E+15,1,4.88E+15,2023/3/21 13:51,4,来自浙江,Raphael4102,6682855921,male,55,50,国家不把房地产价格压下来，工资抬上去。不办事儿只讽刺？？
0,4.88E+15,1,4.88E+15,2023/3/21 21:54,0,来自加拿大,我一定能找到积极点,1821791351,male,120,866,躺平虽然可耻但是有用
0,4.88E+15,1,4.88E+15,2023/3/21 21:04,0,来自上海,东篱把酒黄昏后V1,6498463260,male,258,8,少评价年轻人 过好自己的中老年生活即可
0,4.88E+15,1,4.88E+15,2023/3/21 14:06,0,来自山东,于大头妈妈,5516727533,male,97,4,你这么大了 出来乱说话
0,4.88E+15,1,4.88E+15,2023/3/21 15:04,1,来自四川,壬湖海,5099862655,male,26,49,苏轼自己也是落魄一生
0,4.88E+15,1,4.88E+15,2023/3/21 15:52,0,来自湖南,ViolentViolet,2679169551,male,1067,190,上香也要管，又没上吊
0,4.88E+15,1,4.88E+15,2023/3/21 14:57,0,来自宁夏,设计师柔实,7823823159,male,107,13,媒体也是资本的喉舌啊
0,4.88E+15,1,4.88E+15,2023/3/21 13:43,5,来自广东,A-WD,3838271124,male,277,124,小编生了几胎？没生三胎不配评
0,4.88E+15,1,4.88E+15,2023/3/21 13:38,4,来自北京,青铜时代III,1642691917,male,351,536,看到别人上香就自然的认为别人不上进？这是什么逻辑？
0,4.88E+15,1,4.88E+15,2023/3/21 15:41,12,来自马来西亚,古月金易不退,1735043592,male,265,249,去上个香怎么了，管你们屁事。
0,4.88E+15,1,4.88E+15,2023/3/21 15:26,5,来自河北,七元老师,2693029692,male,479,342.2万,寺庙岁月静好的氛围感带来逃离现实的错觉，沉浸式体验佛系生活的背后是年轻人对精神内耗的治愈和对压力焦虑的努力和解。
0,4.88E+15,1,4.88E+15,2023/3/22 11:42,0,来自浙江,张较瘦o_O,3867675674,male,127,73,多想想为什么，
0,4.88E+15,1,4.88E+15,2023/3/21 16:00,3,来自四川,挚爱雷姆亲,1395787347,male,213,102,年轻人不卷资本家还怎么收割呢
0,4.88E+15,1,4.88E+15,2023/3/21 15:41,3,来自河南,您可真有意思呢呢,7309816133,female,94,209,是躺平也是解压
0,4.88E+15,1,4.88E+15,2023/3/21 15:29,3,来自四川,王彦炯,1691782714,male,513,260,其实就是躺平的表现，什么心灵安慰，不就是觉得社会卷嘛。不卷咋个进步嘛
1.40E+14,4.88E+15,1,4.88E+15,2023/3/21 14:39,2394,来自广东,劉博雅就想用自己的名字就這麽難,2307477517,male,780,508,年轻人在上香和上进可能可以兼顾，但是媒体人你和你妈的存活确实只能选一个
1.40E+14,4.88E+15,1,4.88E+15,2023/3/21 13:23,1620,来自上海,百鬼夜行der,3976178041,male,255,93,又特么来指指点点
1.40E+14,4.88E+15,1,4.88E+15,2023/3/21 14:37,462,来自北京,美香小奇迹何时回家,2203519173,female,507,92,少管我
1.40E+14,4.88E+15,1,4.88E+15,2023/3/21 13:49,315,来自北京,Salvianta,2931288353,female,405,2500,不知道，但雍和宫的手串是真好看
1.40E+14,4.88E+15,1,4.88E+15,2023/3/21 14:37,282,来自云南,是柿子_,5437769429,female,834,911,少指指点点行么！
1.40E+14,4.88E+15,1,4.88E+15,2023/3/21 14:40,249,来自福建,带道伴读小书童,6114477865,female,172,20,媒体人都丧考妣了
1.40E+14,4.88E+15,1,4.88E+15,2023/3/21 14:45,164,来自江西,澳狼鸡米花,7742480360,female,114,38,哦，那放在1919年五月四日时候你这种媒体是不是也要来指责一句不务正业啊
1.40E+14,4.88E+15,1,4.88E+15,2023/3/21 14:01,107,来自北京,总要赢,5065105517,female,373,6.4万,雍和宫的手串就是好看 有力量
1.40E+14,4.88E+15,1,4.88E+15,2023/3/21 14:41,101,来自江苏,_start乔桥,1216404824,female,3640,419,难道不是因为卷的太厉害吗？人家又不是天天不上课，没课的时候来不行嘛
1.40E+14,4.88E+15,1,4.88E+15,2023/3/21 14:45,68,来自广西,欧比欧比会幸运,7217487565,male,287,21,不要把错怪到年轻人身上。年轻人这样，社会，资本家……（还有其他不可说的）一个也逃不掉
1.40E+14,4.88E+15,1,4.88E+15,2023/3/21 14:46,49,来自黑龙江,糖炒栗子请多加糖,2157080993,female,538,182,专家不说开始媒体评了，少管我
1.40E+14,4.88E+15,1,4.88E+15,2023/3/21 14:00,49,来自北京,zhangxiao莫,3290050260,female,138,91,发这个是故意想博眼球么，简直无语了
1.40E+14,4.88E+15,1,4.88E+15,2023/3/21 14:57,19,来自海南,哎哟哟这个夏天,6788183168,female,7,14,韭菜不长了，所以急了
1.40E+14,4.88E+15,1,4.88E+15,2023/3/21 14:47,11,来自陕西,熹有长庚夜有雾,5128595216,female,497,41,《你别管》
1.40E+14,4.88E+15,1,4.88E+15,2023/3/21 14:47,9,来自浙江,smart_Hank,2173790640,female,355,136,媒体不要整天扛着自以为优秀的旗帜对年轻人指指点点，贼喊捉贼
1.40E+14,4.88E+15,1,4.88E+15,2023/3/21 14:39,11,来自广东,怎么能不打工呢,3495184555,female,78,188,现在靠自己真的靠不下去了，社会太卷了
1.40E+14,4.88E+15,1,4.88E+15,2023/3/21 14:50,8,来自辽宁,我就是七宝他娘,1738772221,female,191,1029,我觉得去寺庙道观纯属个人爱好，跟年龄无关。无论是放松心情还是修行，都挺好的。况且科学的尽头就是神学，早晚都要研究的。
1.40E+14,4.88E+15,1,4.88E+15,2023/3/21 14:42,2,来自浙江,关于星辰,5878497488,female,375,38,没新闻写可以不写
1.39E+14,4.88E+15,2,4.88E+15,2023/3/21 14:41,7,来自广东,是五十步,6230889751,female,29,12,又不能指望你，不然拜你也行
1.39E+14,4.88E+15,2,4.88E+15,2023/3/21 15:09,2,来自河南,木又俊二,1881316211,male,335,2621,不会报道可以少报道
1.39E+14,4.88E+15,2,4.88E+15,2023/3/21 14:56,2,来自山西,不喝咖啡就啊啾啾啾,1695398157,female,298,1309,啊求人求己有用还用得着求佛吗？又要说年轻人不努力了是吧
1.39E+14,4.88E+15,2,4.88E+15,2023/3/21 15:07,1,来自广西,回归小七,5311642758,female,773,88,其实我去寺庙也求过，但也只是求着玩，不会真把希望寄托在这个上面，这个标题过于片面了吧。
1.39E+14,4.88E+15,2,4.88E+15,2023/3/21 14:58,2,来自广东,话梅young皮,7804846859,male,92,1,和着年轻人要24小时365天都打工你们这些专家才能闭嘴吗？
1.39E+14,4.88E+15,2,4.88E+15,2023/3/21 14:46,2,来自安徽,旺仔牛奶糖戒糖,5669673329,female,929,124,帅哥美女的事，你们少管
1.39E+14,4.88E+15,2,4.88E+15,2023/3/21 15:15,0,来自安徽,Corvus-e,3872677912,female,409,17,我已经在研究八字了我想看看为啥这么命苦
1.39E+14,4.88E+15,2,4.88E+15,2023/3/21 15:05,0,来自安徽,傲雪欺凌霜,6362781495,male,653,7,去enndt
1.39E+14,4.88E+15,2,4.88E+15,2023/3/21 14:59,0,来自广东,我们家毛毛好可爱,6218575777,female,510,143,迪士尼要比寺庙贵好多吧 门票
1.39E+14,4.88E+15,2,4.88E+15,2023/3/21 14:57,0,来自广东,孤生信谎,7230931573,male,238,14,什么叫不上进啊
1.39E+14,4.88E+15,2,4.88E+15,2023/3/21 14:49,0,来自河北,花上简爱茜茜,7146421654,female,390,5,散了吧
1.39E+14,4.88E+15,2,4.88E+15,2023/3/21 14:49,0,来自山西,o我将无我o,6084220535,male,576,137,假设
1.39E+14,4.88E+15,2,4.88E+15,2023/3/21 14:29,0,来自广东,夏天起舞的狮子,1113979330,female,253,295,转发
1.39E+14,4.88E+15,2,4.88E+15,2023/3/21 16:50,1,来自北京,酥牙梨子,6117421976,female,492,345,雍和宫的手串就是好看 有力量
1.39E+14,4.88E+15,2,4.88E+15,2023/3/21 15:01,1,来自江苏,涨势喜人lee,3294651551,female,357,80,那怎么不反思为啥会有这现象啊
1.39E+14,4.88E+15,2,4.88E+15,2023/3/21 14:39,7,来自重庆,中孚景观,6188024702,male,211,10,媒体难道心里没数嘛 为什么会这样
1.39E+14,4.88E+15,2,4.88E+15,2023/3/21 15:12,0,来自北京,-坐着柚子去火星-,6315302438,male,996,175,给他点了//:年轻人在上香和上进可能可以兼顾，但是媒体人你和你妈的存活确实只能选一个
1.38E+14,4.88E+15,3,4.88E+15,2023/3/21 15:08,0,来自山西,RELAINE-,5013054626,female,135,284,#NAME?
1.38E+14,4.88E+15,3,4.88E+15,2023/3/21 14:58,0,来自陕西,Yan-Bw,7331058389,male,99,55,没话说了给我
1.38E+14,4.88E+15,3,4.88E+15,2023/3/21 14:51,0,来自陕西,咸阳身边事,3281998402,female,660,21.1万,这个话题真的是一言难尽，敢不敢透过现象谈谈本质，天天年轻人怎么怎么样得
1.38E+14,4.88E+15,3,4.88E+15,2023/3/21 14:51,1,来自浙江,我不想当柠檬精啦,5210301603,female,262,23,我虽然不上香，但是年轻人的事关你什么事
1.38E+14,4.88E+15,3,4.88E+15,2023/3/21 14:40,0,来自云南,詹杨阳,7736619697,female,66,1,不然呢？
1.38E+14,4.88E+15,3,4.88E+15,2023/3/21 13:52,3,来自北京,Jennifer_15,7036811997,female,331,23,是没工作还是没学上了 屁话真多
1.38E+14,4.88E+15,3,4.88E+15,2023/3/21 13:49,4,来自山东,想避雨吹山风,7534948813,male,163,3,禁止媒体随地大小爹
1.38E+14,4.88E+15,3,4.88E+15,2023/3/21 17:53,3,来自北京,哟哟火花克里斯马天才图珍妮,5970399069,female,917,76,我就要上香又和你有什么关系真无语了现在干啥就被你们点评呗
1.38E+14,4.88E+15,3,4.88E+15,2023/3/21 15:17,2,来自上海,不想改名-_,6936676842,female,28,13,怎么了嫉妒啊，下柱香烧给你好了
1.38E+14,4.88E+15,3,4.88E+15,2023/3/21 14:39,3,来自陕西,lyneelistening,1826139380,female,284,445,媒体人自己去不去吧？
1.38E+14,4.88E+15,3,4.88E+15,2023/3/21 14:38,5,来自江苏,喜欢巧克力的射手座,1874803203,female,36,46,生活已经这么苦了，还不能有点爱好了
1.38E+14,4.88E+15,3,4.88E+15,2023/3/21 19:15,1,来自北京,暗号超人不会飞,3040695250,male,229,56,有时间多关注关注实际市场不好吗
1.38E+14,4.88E+15,3,4.88E+15,2023/3/21 16:39,1,来自浙江,骨头与小黄毛,1027712390,female,257,68,现在的媒体，好像那种每天在孩子身上挑毛病的父母
1.38E+14,4.88E+15,3,4.88E+15,2023/3/21 15:11,1,来自山东,爱吃饭的矮子,5464618881,female,915,1274,自己都说人家是周末去的了。还非得说人家不上班上学
1.38E+14,4.88E+15,3,4.88E+15,2023/3/21 15:01,1,来自上海,夕拾回忆,3882837190,male,192,44,谁说去寺庙就是上香，我就是去玩
1.38E+14,4.88E+15,3,4.88E+15,2023/3/21 14:57,1,来自黑龙江,生似蜉蝣1506877181,6728106639,female,28,10,那中老年专家们让出位置给真正有实力的年轻人不就没上香了嘛～
1.38E+14,4.88E+15,3,4.88E+15,2023/3/21 14:47,1,来自天津,在发货vv,5753999443,male,267,23,呵呵哒
1.38E+14,4.88E+15,3,4.88E+15,2023/3/21 14:46,1,来自江苏,四方招提,7725811896,male,71,6,那我能咋办，我只能求佛祖让我彩票中个奖，然后。。。然后剩下的房贷慢慢还
1.38E+14,4.88E+15,3,4.88E+15,2023/3/21 14:46,2,来自浙江,so_solin,3525523330,female,71,34,年轻人做啥都是错
1.38E+14,4.88E+15,4,4.88E+15,2023/3/21 14:32,1,来自江苏,雨于RUBY,3826970508,female,248,43,💣💣💣💣
1.38E+14,4.88E+15,4,4.88E+15,2023/3/22 22:31,0,来自吉林,李木子DAYSUN,5311997016,female,53,66,新京报的京是东京的京吧
1.38E+14,4.88E+15,4,4.88E+15,2023/3/21 17:07,0,来自浙江,鱼的七分钟记忆66,5385274863,female,990,59,韩国日本躺平就是社会压力大，经济发展不好，到我们这就是年轻人承受力差，责任感差，自己不努力，双标溜
1.38E+14,4.88E+15,4,4.88E+15,2023/3/21 16:34,0,来自浙江,推门五十里路,2618518762,male,273,809,先买彩票，然后拜佛
1.38E+14,4.88E+15,4,4.88E+15,2023/3/21 15:17,0,来自安徽,七月南风吹晚意,5890427040,male,98,98,同样的手，可以用力创造财富的时候，自然不会去合掌求佛拜神
1.38E+14,4.88E+15,4,4.88E+15,2023/3/21 15:16,0,来自河北,Lucifer_鬯鬱,5051499534,female,296,262,奋斗不过那些一出生就站在巅峰的人鸭
1.38E+14,4.88E+15,4,4.88E+15,2023/3/21 15:15,0,来自上海,重露繁霜压纤梗,7774926043,female,41,9,请不要以轻视的眼光看待大众的信仰。这是一种危险的傲慢。
1.38E+14,4.88E+15,4,4.88E+15,2023/3/21 15:15,0,来自安徽,春日分式的近似误差,6370852551,female,374,98,我不知道这个媒体咋想的 ，上香咋啦。是花他家钱了， 还是上香是没有顺带给他烧一支？
1.38E+14,4.88E+15,4,4.88E+15,2023/3/21 15:14,0,来自江苏,背带裤大劫案,7457520140,female,120,0,那不是上课和上班之余，才去上香的嘛
1.38E+14,4.88E+15,4,4.88E+15,2023/3/21 15:14,1,来自浙江,三里AZ,1745024943,female,293,259,小目标在树上，年轻人跳一跳或许能够到。现在小目标在珠穆朗玛峰上，年轻人就不跳了，许愿祈祷小目标自己掉下来。
1.38E+14,4.88E+15,4,4.88E+15,2023/3/21 15:14,0,来自山东,糖分缺乏,5655069521,female,388,53,说起来…我之前还看过主流媒体点评过韩国年轻人沉迷挖比特币分析的可好了，阶级固化，社会腐败，经济凋敝，年龄人没有上升空间，努力得不到相应的回报，只能寻求于运气和暴富
1.38E+14,4.88E+15,4,4.88E+15,2023/3/21 15:14,0,来自浙江,吃不饱睡不好工作累,5337156168,male,282,18,年轻人的事，你少管
1.38E+14,4.88E+15,4,4.88E+15,2023/3/21 15:13,0,来自湖北,星野风铃,5855855524,female,277,106,年轻人不求佛你们寺庙事业编怎么割电子香花券
1.38E+14,4.88E+15,4,4.88E+15,2023/3/21 15:12,0,来自江苏,不念云烟不思锦,6106090624,female,78,12,凭什么说不上进，上香和上进又不冲突
1.38E+14,4.88E+15,4,4.88E+15,2023/3/21 15:11,0,来自江苏,DoOneThing1,6053604520,female,236,267,哈哈哈哈哈哈哈//:年轻人在上香和上进可能可以兼顾，但是媒体人你和你妈的存活确实只能选一个
1.38E+14,4.88E+15,4,4.88E+15,2023/3/21 15:10,0,来自天津,匠心古法手工代码,5975166380,female,87,66,那你禁止年轻人上香呗
1.38E+14,4.88E+15,4,4.88E+15,2023/3/21 15:10,0,来自河南,秋霽z,7512630519,female,132,0,美女的事你少管
1.38E+14,4.88E+15,5,4.88E+15,2023/3/21 15:10,0,来自北京,我从地狱来echo,6388689634,female,623,293,中午还在思考这周是去雍和宫还是去北动看我大萌兰
1.38E+14,4.88E+15,5,4.88E+15,2023/3/21 15:10,0,来自广东,LOVEISNIAN-,6722766755,female,283,0,少管年轻人 管好你自己能不能活到退休
1.38E+14,4.88E+15,5,4.88E+15,2023/3/21 15:10,0,来自江苏,宇宙大反派7,6592348836,male,67,29,网红跟风罢了
1.38E+14,4.88E+15,5,4.88E+15,2023/3/21 15:10,0,来自河南,呜啦嘟嘟嘟,5443838758,male,52,35,哈哈哈
1.38E+14,4.88E+15,5,4.88E+15,2023/3/21 15:09,0,来自山东,祝你精致胶黏,6301695632,male,72,2,小编你再不攻击心惊报我就攻击你了哦
1.38E+14,4.88E+15,5,4.88E+15,2023/3/21 15:07,0,来自河北,阿纸没有心,1681344743,female,82,391,都是去拍照打卡发朋友圈凑热闹的吧？说归说，闹归闹，我只信自己
1.38E+14,4.88E+15,5,4.88E+15,2023/3/21 15:07,0,来自四川,咸味郭德纲,5610219868,female,492,57,别多管闲事
1.38E+14,4.88E+15,5,4.88E+15,2023/3/21 15:06,0,来自四川,被嘲笑需要一个变声器,6278172399,female,567,203,？去寺庙逛都不行啊那我这种想入道的大学生岂不是最不上进那一类
1.38E+14,4.88E+15,5,4.88E+15,2023/3/21 15:06,0,来自四川,最近五行缺钱,2848046450,female,1222,93,有些东西上班和上学之后也得不到也没得用，我可不就只能去上香了
1.38E+14,4.88E+15,5,4.88E+15,2023/3/21 15:06,0,来自陕西,psychology加油,6114218253,male,137,39,不懂为什么迪士尼是最快乐的地方，没钱没去过。
1.38E+14,4.88E+15,5,4.88E+15,2023/3/21 15:06,1,,兰州政法,7293890474,female,268,732,学业压力大、职场太内卷，年轻人焦虑、入睡困难、脱发，早已成为常态，年轻人在努力过后找一个排解渠道，没有什么问题
1.38E+14,4.88E+15,5,4.88E+15,2023/3/21 15:05,0,来自河南,华豫汴梁橙子,6031494225,male,262,181,年轻人精神空虚，总要有点儿信仰，比抑郁了强。
1.38E+14,4.88E+15,5,4.88E+15,2023/3/21 15:05,0,来自江苏,Zanuyield,6086191565,female,138,53,新闻媒体不调查不研究 成天造谣  建议媒体少管闲事 从而长命百岁
1.38E+14,4.88E+15,5,4.88E+15,2023/3/21 15:04,1,来自广东,儒小逸儿,5608793114,male,401,5,社会和专家需要反思，这社会是发展成什么样了，才会让年轻人去上香
1.38E+14,4.88E+15,5,4.88E+15,2023/3/21 15:04,1,来自江西,茶烟离123,7411110729,female,292,1,是是是，全是年轻人的错
1.38E+14,4.88E+15,5,4.88E+15,2023/3/21 15:04,0,来自浙江,巴拉拉小魔仙的仙女棒,1827491660,female,912,103,又开始反思了年轻人的事你少管
1.38E+14,4.88E+15,5,4.88E+15,2023/3/21 15:02,0,来自云南,红星闪闪的煤球,6575326520,female,102,1157,我一个朋友全职考公八年了还没上岸，前一阵上鸡足山许愿呢。
1.38E+14,4.88E+15,5,4.88E+15,2023/3/21 15:02,0,来自湖南,微光hear,5716397191,female,380,302,因为没有别的途径了啊，只能求佛了
1.38E+14,4.88E+15,5,4.88E+15,2023/3/21 15:02,0,来自江苏,鹅石泉,7404454132,female,265,3,那不是因为离火运嘛。。。
1.38E+14,4.88E+15,5,4.88E+15,2023/3/21 15:02,0,来自湖南,卢小鱼c,6580217772,male,251,132,管的真宽
1.38E+14,4.88E+15,6,4.88E+15,2023/3/21 15:01,0,来自山东,黑暗中的布道者,1958095143,male,633,203,应该反思的不是官员吗？人只有绝望无力改变才去求神，房价巨高不下，上层通道封死，压力大，你说说年轻人应该怎么样啊
1.38E+14,4.88E+15,6,4.88E+15,2023/3/21 15:01,0,来自河南,爱吃面条的郭子,6614047416,male,306,24,我的建议是：最好不要管太宽！
1.38E+14,4.88E+15,6,4.88E+15,2023/3/21 15:00,0,来自河南,十年青鸟音尘绝,1180163895,female,238,295,少来指指点点
1.38E+14,4.88E+15,6,4.88E+15,2023/3/21 15:00,0,来自山东,无聊无趣无表情,5850527833,male,67,5,喜欢去有传统风格的景区，也能被批不上进，以后去西方风格的吧
1.38E+14,4.88E+15,6,4.88E+15,2023/3/21 15:00,0,来自四川,小盆友欢欢,7185388136,female,161,18,管好多
1.38E+14,4.88E+15,6,4.88E+15,2023/3/21 15:00,0,来自天津,嗷嗷骑大马,5427613909,male,49,47,当年上学时候学的鲁迅先生的文章是批判社会的，以后会不会解读是批判孔乙己骆驼祥子闰土小栓的
1.38E+14,4.88E+15,6,4.88E+15,2023/3/21 14:58,0,来自江苏,Hillidisch酱,7526096649,female,63,6,要你管
1.38E+14,4.88E+15,6,4.88E+15,2023/3/21 14:57,0,来自天津,孙老师的二小姐,6876805532,female,142,2,那应该求谁？
1.38E+14,4.88E+15,6,4.88E+15,2023/3/21 14:57,0,来自辽宁,滚去学习1234,7542014314,female,42,0,985211毕业的现在在京圈保姆里算上等，你让我上进个鬼
1.38E+14,4.88E+15,6,4.88E+15,2023/3/21 14:57,0,来自山东,回家应聘全职女儿,5658312577,female,138,399,哈哈哈哈哈哈哈过段时间就去上香
1.38E+14,4.88E+15,6,4.88E+15,2023/3/21 14:56,0,来自河北,不要王啦,7271772024,female,90,4,谁不给财神爷上香
1.38E+14,4.88E+15,6,4.88E+15,2023/3/21 14:56,0,来自甘肃,平淡_安,7457515426,female,46,4,为什么去上香，你们不知道？？
1.38E+14,4.88E+15,6,4.88E+15,2023/3/21 14:54,0,来自天津,默默爱久久,2211830627,female,226,183,需要一些精神寄托
1.38E+14,4.88E+15,6,4.88E+15,2023/3/21 14:54,0,来自湖北,你是很快乐吧,7202418372,male,49,4,因为知道 这个时代不再是努努力就可以达成目标的，把希望寄托在寺庙。反映出来了什么自己体会。
1.38E+14,4.88E+15,6,4.88E+15,2023/3/21 14:53,0,来自陕西,七点零三分夏天,3290940601,female,300,26,少管
1.38E+14,4.88E+15,6,4.88E+15,2023/3/21 14:53,0,来自湖南,自然而燃naturally__fire,6080500031,female,210,29,哪个媒体人写的哪个上班呗
1.38E+14,4.88E+15,6,4.88E+15,2023/3/21 14:53,0,来自新疆,散落的时空终有一别,7297277600,female,458,147,社会太卷了，找工作没有经验，找工作又嫌弃年龄大，让人怎么办？躺又躺不平，卷又卷不了。
1.38E+14,4.88E+15,6,4.88E+15,2023/3/21 14:52,0,来自江苏,栗仁很甜,7155082003,female,10,1,自娱自乐还不行了？
1.38E+14,4.88E+15,7,4.88E+15,2023/3/21 14:52,0,来自江苏,YueForeverLiji,7311173129,female,1142,30,很真实，求己不如求人，求人不如求佛
1.38E+14,4.88E+15,7,4.88E+15,2023/3/21 14:51,0,来自甘肃,Cici的小狗狗,6572814229,female,25,179,年轻人活着真难，动不动就要被指点江山
1.38E+14,4.88E+15,7,4.88E+15,2023/3/21 14:51,0,来自江苏,小袁在思考,7030288243,male,289,31,如果这个新闻记者还有编辑能实名发出来就好了
1.38E+14,4.88E+15,7,4.88E+15,2023/3/21 14:51,0,来自广西,陆晓遗失了一只猫,3030787635,female,379,352,要你管
1.38E+14,4.88E+15,7,4.88E+15,2023/3/21 14:51,0,来自广西,倚酒醉千觞,6323757100,female,283,27,随便，别管，想活得快乐一点
1.38E+14,4.88E+15,7,4.88E+15,2023/3/21 14:50,0,来自山东,刘倚楠,6583095843,female,75,42,我这不到半年年光去寺庙拜佛就好几趟了，压力越大越不想努力，越想去拜佛
1.38E+14,4.88E+15,7,4.88E+15,2023/3/21 14:50,0,来自浙江,上岸暴富我全都要,5599479190,female,250,61,少管
1.38E+14,4.88E+15,7,4.88E+15,2023/3/21 14:50,0,来自河南,Qiyu-2000,6029122819,male,106,57,田文镜我超尼玛
1.38E+14,4.88E+15,7,4.88E+15,2023/3/21 14:50,0,来自安徽,喜欢and适合,6193204972,female,43,28,两三千块钱还指望我如何上进，把命交代进去？
1.38E+14,4.88E+15,7,4.88E+15,2023/3/21 14:49,0,来自江苏,娇女轻抚情,6020366797,male,76,40,花几块钱的香费，许几千万的愿
1.38E+14,4.88E+15,7,4.88E+15,2023/3/21 14:49,0,来自北京,UUDeMicroBlog,2042293537,female,172,736,哈哈，最后一张里竟然有我的同款手串
1.38E+14,4.88E+15,7,4.88E+15,2023/3/21 14:49,0,来自湖北,玛奇玛小姐的修勾,5342374305,male,50,46,那么社会给了年轻人一丝希望和安全感了吗
1.38E+14,4.88E+15,7,4.88E+15,2023/3/21 14:49,0,来自安徽,银河月亮便利店,5149951567,female,213,206,用不着你来指指点点
1.38E+14,4.88E+15,7,4.88E+15,2023/3/21 14:49,0,来自浙江,学金融的不会秃头,5589386753,male,59,115,服了  周末去玩上个香都能被骂
1.38E+14,4.88E+15,7,4.88E+15,2023/3/21 14:49,0,来自广东,Wait1384,6513107183,male,259,1,为了迎合某些人
1.38E+14,4.88E+15,7,4.88E+15,2023/3/21 14:48,0,来自陕西,旺仔有点东西,5079043865,female,394,141,这不是我嘛
1.38E+14,4.88E+15,7,4.88E+15,2023/3/21 14:48,0,来自湖北,宝贝-JOJO,6880118853,female,1061,990,年轻人的事儿你少管
1.38E+14,4.88E+15,7,4.88E+15,2023/3/21 14:48,0,来自广东,妲鷰,1103285414,female,148,273,是年轻人都不愿意努力？还是努力了也难以过好这一生？是时代逼迫下的无奈？还是真的当代年轻人不上进呢？这些问题值得深思。
1.38E+14,4.88E+15,8,4.88E+15,2023/3/21 14:47,0,来自安徽,我真的很震惊,7628172259,female,95,9,啊对对对
1.38E+14,4.88E+15,8,4.88E+15,2023/3/21 14:46,0,来自新疆,鸢尾兰324_10171,5144749302,female,2821,299,心里的焦虑很明显啊
1.38E+14,4.88E+15,8,4.88E+15,2023/3/21 14:46,0,来自山东,popoteens,5032445880,male,647,196,哪个媒体啊
1.38E+14,4.88E+15,8,4.88E+15,2023/3/21 14:46,0,来自贵州,叭呐呐莉莉,7784506196,female,163,8,你在放什么屁
1.38E+14,4.88E+15,8,4.88E+15,2023/3/21 14:46,0,来自河南,想下雨的一天,7220146737,female,478,46,至少还上香拉动寺庙经济发展，知足吧
1.38E+14,4.88E+15,8,4.88E+15,2023/3/21 14:45,0,来自辽宁,墨笔侧耳,5152043142,female,100,12,这也管，事也太多了吧，医保改革不管，全面放开躺平死那么多人不管，管这事！
1.38E+14,4.88E+15,8,4.88E+15,2023/3/21 14:45,0,来自陕西,周敦颐版_霍安得广厦千万间,6344668792,female,823,127,你猜猜为啥
1.38E+14,4.88E+15,8,4.88E+15,2023/3/21 14:45,0,来自湖北,静静想要静静的看静静,6802142555,male,43,9,要不然怎么都自称为佛系青年
1.38E+14,4.88E+15,8,4.88E+15,2023/3/21 14:45,0,来自江苏,三米只,6926775409,male,47,19,意满离
1.38E+14,4.88E+15,8,4.88E+15,2023/3/21 14:44,0,来自山东,风清水暖与君共白首,7276219976,female,170,8,为什么不能上香，上香就代表不上进了吗，世界这么大天天按住这点屁事在这叭叭叭，还叭叭不到重点
1.38E+14,4.88E+15,8,4.88E+15,2023/3/21 14:44,0,来自山东,小羊papi,7416309109,male,101,7,我找点疏通自己压力的方式不行吗
1.38E+14,4.88E+15,8,4.88E+15,2023/3/21 14:44,1,来自湖南,夏妞和村长的爱情丶,5806514596,male,329,77,房价、教育、就业三座大山压在年轻人身上啥时候解决了吗？
1.38E+14,4.88E+15,8,4.88E+15,2023/3/21 14:44,0,来自浙江,薇薇一笑很倾城df,7282758152,male,732,35,额
1.38E+14,4.88E+15,8,4.88E+15,2023/3/21 14:44,0,来自江西,山雨与鱼不同路,5857931869,male,10,41,不明白，总盯着我们看干啥，有空还不如建设祖国，上香也要管
1.38E+14,4.88E+15,8,4.88E+15,2023/3/21 14:44,0,来自云南,九九是只猫猫,6586379323,female,202,58,管我呢
1.38E+14,4.88E+15,8,4.88E+15,2023/3/21 14:43,2,来自广东,那个喜欢他的我,7375446401,female,115,14,NMD，少指指点点
1.38E+14,4.88E+15,8,4.88E+15,2023/3/21 14:43,1,来自重庆,易可波罗,6031013316,male,201,86,奋斗要是有用为什么别人生下来就是少爷
1.38E+14,4.88E+15,8,4.88E+15,2023/3/21 14:43,2,来自山东,淡若无蓝29860,5529492041,female,34,0,我们还会敲电子木鱼
1.38E+14,4.88E+15,8,4.88E+15,2023/3/21 14:42,0,来自江苏,罗小焱啊,5336924796,male,466,47,当穷人老爷们还不满足，还要当一个只知道做牛做马的穷人
8.25E+13,4.88E+15,9,4.88E+15,2023/3/21 14:42,0,来自北京,灰白映画,1575219040,female,432,74,有点爱好不行吗？！干嘛指指点点的
8.25E+13,4.88E+15,9,4.88E+15,2023/3/21 14:41,1,来自四川,丞哥下次见,7819017373,male,140,0,跟你有什么关系
8.25E+13,4.88E+15,9,4.88E+15,2023/3/21 14:40,0,来自广东,平成廢宅88,5594460769,female,930,199,少来烦姐
8.25E+13,4.88E+15,9,4.88E+15,2023/3/21 14:40,0,来自安徽,杰伦结婚了,5181313390,female,112,87,上香只是想求得内心的平静。
8.25E+13,4.88E+15,9,4.88E+15,2023/3/21 14:38,0,来自天津,闹闹多吃点yu,5979348683,female,60,9,少管
8.25E+13,4.88E+15,9,4.88E+15,2023/3/21 14:38,0,来自四川,绿水青山绕家园,1885278212,female,357,646,蛮有意思的现象
8.25E+13,4.88E+15,9,4.88E+15,2023/3/21 14:49,0,来自山东,自律的小尹,5234518595,male,122,294,说的没错啊
8.25E+13,4.88E+15,9,4.88E+15,2023/3/21 13:27,4,来自湖北,胜却人间无数11833,7093778490,male,53,0,不然呢？只是一个心灵寄托而已，何必上纲上线？将年轻人讲的一无是处，不还是要靠年轻人交社保？
8.25E+13,4.88E+15,9,4.88E+15,2023/3/21 15:16,0,来自江苏,哦哟不错嘛,7813900671,male,273,3,不耽误自己的生活进度不就好了，管那么宽！
8.25E+13,4.88E+15,9,4.88E+15,2023/3/21 15:11,0,来自江西,筱阿忆,6012382273,female,40,1,闭嘴吧naocan媒体
8.25E+13,4.88E+15,9,4.88E+15,2023/3/21 15:02,0,来自江西,莞莞类卿矣,6586447485,female,59,1,管好你自己，少管我
8.25E+13,4.88E+15,9,4.88E+15,2023/3/21 15:00,0,来自山东,充话费送的巴啦啦,6326792610,female,12,12,都等着天上掉钱呢，这是不是也是社会不公平的恶化，当努力没有意义，何不选择佛系
8.25E+13,4.88E+15,9,4.88E+15,2023/3/21 14:57,0,来自山东,你下他上,7310850765,male,8,0,什么大家长心态
8.25E+13,4.88E+15,9,4.88E+15,2023/3/21 14:49,0,来自天津,悬崖上的小学姬,5538965445,female,101,161,乱世烧香拜佛，小编该读读史
8.25E+13,4.88E+15,9,4.88E+15,2023/3/21 14:49,0,来自北京,薛定谔的喵_ee,7656906964,female,191,25,谁说的
8.25E+13,4.88E+15,9,4.88E+15,2023/3/21 14:48,0,来自河南,宇之羽呀,5251637817,male,342,40,建议翻翻历史，看看以前百姓大规模信佛都是什么原因，能不能不要老是让年轻人反思
8.25E+13,4.88E+15,9,4.88E+15,2023/3/21 14:47,0,来自广东,中文人awen,7313527690,male,23,0,我个人感觉年轻人上香也不免是在很辛苦之后去放松自身，又或许是调侃自身，班和学都是在上的吧，大多数都是平凡而努力的人
1.91E+11,4.88E+15,10,4.88E+15,2023/3/21 14:45,0,来自辽宁,f-我是,7269009754,male,19,0,你闲没事吧
1.91E+11,4.88E+15,10,4.88E+15,2023/3/21 14:45,0,来自上海,mathias6446071194,6446071194,male,30,0,无所谓，掐老美脖子就完事了
1.91E+11,4.88E+15,10,4.88E+15,2023/3/21 14:42,0,来自广东,搬砖很烫手,7452747293,male,54,6,你少来指指点点，等我考上中纪委，早晚查你
1.91E+11,4.88E+15,10,4.88E+15,2023/3/21 14:41,0,来自山东,May38433,6571722383,female,34,12,吓得连自个评论都删了
1.91E+11,4.88E+15,10,4.88E+15,2023/3/21 14:05,0,来自北京,changer98,1178342773,male,715,41,关掉寺庙，发现50岁以下上香的上学工作的开除，罚款，其行为计入信用系统
1.91E+11,4.88E+15,11,4.88E+15,2023/3/21 15:38,0,来自北京,东风逝去无回忆,2918455741,male,119,34,娜美水疗
1.91E+11,4.88E+15,11,4.88E+15,2023/3/21 15:29,0,来自福建,扎涵,5568389200,male,303,154,这家媒体有点嘴硬好笑
1.91E+11,4.88E+15,11,4.88E+15,2023/3/21 15:24,0,来自福建,小鱼儿爱古文joshua,3159051970,male,386,106,菜吃的满嘴流油，说厨子休息时间打牌
1.91E+11,4.88E+15,11,4.88E+15,2023/3/21 15:16,1,来自浙江,威武霸气小双鱼,1652887232,male,60,86,211出来上班天天996工资还少，985一个省就那些个名额，教育资源在谁手上你们心里没点数？就这样我们“幸福”的年轻人选择到庙里上两根香，还要被人说
1.91E+11,4.88E+15,12,4.88E+15,2023/3/21 15:15,0,来自安徽,不可壹世的傲,2781659801,male,101,404,你管老子，艹
1.91E+11,4.88E+15,12,4.88E+15,2023/3/21 15:15,0,来自湖北,咻山,7477338488,female,354,3,哈批上个香被你杜撰成只上了是吧，你一天天的是不是只吃饭睡觉啊，我说啥比谁反对
1.91E+11,4.88E+15,12,4.88E+15,2023/3/21 15:14,0,来自广东,云淡风轻的宇帆,5711104895,male,79,30,在上学上班上进上香中，我想选择上吊
1.91E+11,4.88E+15,12,4.88E+15,2023/3/21 15:14,0,来自广东,梨梨ViVi,3928952536,male,79,58,关你屁事
1.91E+11,4.88E+15,12,4.88E+15,2023/3/21 15:13,0,来自山西,别看了有什么好看的有意思吗,7385767404,female,91,1,评尼娘勒个腿儿 管好你自己
1.91E+11,4.88E+15,12,4.88E+15,2023/3/21 15:12,0,来自山西,棉花糖和三瓣橘子,5294918982,female,408,53,昨天刚从五台山回来
1.91E+11,4.88E+15,12,4.88E+15,2023/3/21 15:12,0,来自山东,一去二三里就是我,5627111180,male,204,13,你调查了吗？你怎么知道年轻人没有上学上班就一棍子全打死？作为媒体人不去报道社会焦点，整天盯着年轻人做什么？
1.91E+11,4.88E+15,12,4.88E+15,2023/3/21 15:11,0,来自上海,o茶酱真黑o,2274641433,female,99,58,我乐意你管得着？
1.91E+11,4.88E+15,12,4.88E+15,2023/3/21 15:11,0,来自湖北,永怀善意,6120911612,male,86,25,关你屁事
1.91E+11,4.88E+15,12,4.88E+15,2023/3/21 15:11,0,来自山东,恩瑶吖吖,7274445252,female,179,7,关你们屁事？
1.91E+11,4.88E+15,12,4.88E+15,2023/3/21 15:10,0,来自河南,Gabbai,7218073164,female,82,26,哈哈哈哈哈
1.91E+11,4.88E+15,13,4.88E+15,2023/3/21 15:09,0,来自浙江,有支无脸男,1771406491,male,167,189,媒体见不得人不卷的时候
1.91E+11,4.88E+15,13,4.88E+15,2023/3/21 15:09,0,来自云南,心亭颜月,6217396788,female,200,87,现在批评年轻人已经是媒体的新职能了吗
1.91E+11,4.88E+15,13,4.88E+15,2023/3/21 15:09,0,来自广东,来九十套房给我收租,6594903424,female,34,13,多管闲事少活十年
1.91E+11,4.88E+15,13,4.88E+15,2023/3/21 15:08,0,来自四川,大aa冲冲冲,7351188716,male,218,3,刚刚看到一个评论的，单价1.5w的房子大多数人都住得起，为什么你们买不起，哭了啊
1.91E+11,4.88E+15,13,4.88E+15,2023/3/21 15:07,0,来自福建,皮一下哈很开心,3470880582,male,546,200,因为再怎么努力也买不起房子还不如躺平
1.91E+11,4.88E+15,13,4.88E+15,2023/3/21 15:07,0,来自四川,爱吃鱼的猫饼,7378557769,female,374,46,关你p事
1.91E+11,4.88E+15,13,4.88E+15,2023/3/21 15:07,0,来自四川,我是温迪和魈宝的汪,7284048292,female,22,4,关你屁事
1.91E+11,4.88E+15,13,4.88E+15,2023/3/21 15:07,0,来自江苏,mmmuggleZhao,5579974215,female,190,30,干嘛？我就不能为自己积点功德吗
1.91E+11,4.88E+15,14,4.88E+15,2023/3/21 15:06,0,来自内蒙古,糖醋排骨喵777,5446641632,female,542,109,不然呢
1.91E+11,4.88E+15,14,4.88E+15,2023/3/21 15:06,0,来自浙江,谈谈寂静吧_,5124259833,female,338,364,关你屁事
1.91E+11,4.88E+15,14,4.88E+15,2023/3/21 15:06,0,来自北京,s小小酥ray,2297540651,male,2458,97,好好努力给领导换房换车
1.91E+11,4.88E+15,14,4.88E+15,2023/3/21 15:06,0,来自辽宁,TheManiac,1518839764,male,1001,160,关你屁事
1.91E+11,4.88E+15,14,4.88E+15,2023/3/21 15:05,0,来自新疆,安jingjing,2686492993,female,449,174,我弟就是
1.91E+11,4.88E+15,14,4.88E+15,2023/3/21 15:05,0,来自广西,哒哒哒达达狸亚,2704625724,female,204,80,我爱怎么过怎么过，爱去哪去哪，关你屁事？闲着没事多管管自己。
1.91E+11,4.88E+15,14,4.88E+15,2023/3/21 15:05,0,来自陕西,纯情可可和薯片,5471436831,female,455,990,你是不是没屁放了
1.91E+11,4.88E+15,14,4.88E+15,2023/3/21 15:05,0,来自安徽,_Ssoy_,2172052751,female,284,211,关你p事，管的真宽
1.91E+11,4.88E+15,14,4.88E+15,2023/3/21 15:04,0,来自安徽,lhl爱李不李,5253464974,male,385,90,感觉内容写的还行，人家只是提了个热梗，说了一下客观事实，年轻人去寺庙，只是这个热搜标题。。。一言难尽。
4.88E+15,4.88E+15,15,4.88E+15,2023/3/21 15:03,0,来自江苏,娃哈哈AD钙呀,5844326297,male,409,158,关您屁事
4.88E+15,4.88E+15,15,4.88E+15,2023/3/21 15:03,0,来自上海,si条邦阔咯鸭鸭鸭,5490434997,male,753,127,不是“上班和上学之间选择了上香”，而是“上班上学同时也上香”
4.88E+15,4.88E+15,15,4.88E+15,2023/3/21 15:03,0,来自浙江,Crazy醋心,6478726062,male,42,1,上学会把人上傻的
4.88E+15,4.88E+15,15,4.88E+15,2023/3/21 15:02,0,来自四川,彭三岁吧,6887536669,male,136,9,上什么课?丁真不上课一样进国企
4.88E+15,4.88E+15,15,4.88E+15,2023/3/21 15:01,1,来自江苏,惟唯长苏,7748230260,female,203,1,lj媒体人，就只知道放屁
4.88E+15,4.88E+15,15,4.88E+15,2023/3/21 15:01,1,来自重庆,深绿薄荷叶,5189502293,female,147,13,要你管!事儿多
4.88E+15,4.88E+15,15,4.88E+15,2023/3/21 15:01,0,来自山东,白举纲的专属奶白,3895693707,female,69,297,国宝都保护不了，滚一边去
4.88E+15,4.88E+15,15,4.88E+15,2023/3/21 15:00,0,来自甘肃,铁铋卡布达,5822237809,male,577,1775,关你屁事
4.88E+15,4.88E+15,15,4.88E+15,2023/3/21 14:59,0,来自江苏,延迟选手,5460725264,female,83,389,关你屁事
4.88E+15,4.88E+15,15,4.88E+15,2023/3/21 14:58,0,来自黑龙江,我是读书人上过学,5520487971,male,240,110,不上进就不去上香了，再说你是老登？土埋半截了张口闭口年轻人
4.88E+15,4.88E+15,16,4.88E+15,2023/3/21 14:58,0,来自四川,可以举好几个栗子,6788476166,male,608,33,关你屁事
4.88E+15,4.88E+15,16,4.88E+15,2023/3/21 14:58,0,来自贵州,今天也不加糖,2994737580,female,244,209,人力所不能及也，唯有求神佛。请问社会反思了吗？
4.88E+15,4.88E+15,16,4.88E+15,2023/3/21 14:57,0,来自湖北,璀璨星辰光97361,7729196365,male,28,1,虽然我不上香，但是上香犯法吗？损害道德吗？败坏风气嘛？没有管个屁啊。信神的人很不错了，真正到了年轻人不信彩票中奖，不信勤劳致富，不信佛祖保佑的时候才是真完蛋了
4.88E+15,4.88E+15,16,4.88E+15,2023/3/21 14:57,0,来自天津,ghbbbnhf,6064079484,female,48,7,关你屁事
4.88E+15,4.88E+15,16,4.88E+15,2023/3/21 14:56,0,来自湖南,刀哥龙哥,7827850232,male,43,0,年轻人团结起来 撕烂坏种媒体
4.88E+15,4.88E+15,16,4.88E+15,2023/3/21 14:56,0,来自广西,桑桑桑北_,1649184180,female,120,222,关你屁事
4.88E+15,4.88E+15,17,4.88E+15,2023/3/21 14:55,1,来自广东,风寜曦,2487384862,female,106,43,少管闲事吧，这批年轻人还不够卖命吗？有点心理慰藉都不行
4.88E+15,4.88E+15,17,4.88E+15,2023/3/21 14:53,0,来自江苏,哈尔的移动充电宝·,6528624753,male,117,0,关你屁事
4.88E+15,4.88E+15,17,4.88E+15,2023/3/21 14:53,0,来自广东,椰椰的千金小姐,2798495303,female,472,135,关你屁事
4.88E+15,4.88E+15,17,4.88E+15,2023/3/21 14:53,0,来自湖北,潜龙勿用_2046,1748010355,male,455,7,遇到某些社会问题，媒体就沉默了
4.88E+15,4.88E+15,17,4.88E+15,2023/3/21 14:53,0,来自广东,我是美男子吖,6925925770,male,452,43,上香了
4.88E+15,4.88E+15,17,4.88E+15,2023/3/21 14:53,1,来自湖北,一只鸦科动物,3926270497,female,87,1321,辛苦做题的是年轻人，脱长衫的是年轻人，供养老金的是年轻人，延迟退休的是年轻人，生二胎的是年轻人，背房贷的是年轻人。 年轻人是你们爷爷，是你们衣食父母，对你爷爷还这么说话给脸了
4.88E+15,4.88E+15,17,4.88E+15,2023/3/21 14:51,0,来自江苏,白巧奶芙,7750126046,female,219,13,管你屁事 吗的
4.88E+15,4.88E+15,19,4.88E+15,2023/3/21 14:48,0,来自北京,Chelsea_小趴菜,7590565618,male,30,189,关你屁事
4.88E+15,4.88E+15,19,4.88E+15,2023/3/21 14:48,0,来自湖北,起伏丘陵,5852960679,female,307,81,这么上纲上线，去哪里玩都要管吗未免管太宽了
4.88E+15,4.88E+15,19,4.88E+15,2023/3/21 14:47,0,来自浙江,小雯Fww不高冷,7129794643,female,60,14,社会反思了吗？压力不大不四处碰壁我们会上香？
4.88E+15,4.88E+15,19,4.88E+15,2023/3/21 14:47,3,来自河南,于泥波波2014,5744828987,female,160,8,关你屁事
4.88E+15,4.88E+15,19,4.88E+15,2023/3/21 14:46,0,来自陕西,NakeLeg,5037174820,male,63,44,你哪家媒体啊
4.88E+15,4.88E+15,19,4.88E+15,2023/3/21 14:46,0,来自广东,雨菌菌菌,7492986298,female,193,9,求人求己不如求佛
4.88E+15,4.88E+15,20,4.88E+15,2023/3/21 14:46,0,来自山西,小羊小羊耶耶,5365843092,female,540,171,不上进？在开玩笑吧 那为什么考公考研考编越来越难越来越卷
4.88E+15,4.88E+15,20,4.88E+15,2023/3/21 14:45,0,来自湖北,一棵蓝色小海棠,5770320824,female,123,22,傻批媒体，一天天盯着年轻人，不如关注下自己的母亲
4.88E+15,4.88E+15,20,4.88E+15,2023/3/21 14:45,0,来自安徽,九辛巧克力_,1773573320,female,140,6,手串有点好看
4.88E+15,4.88E+15,21,4.88E+15,2023/3/21 14:44,0,来自浙江,lost左肢,5310362471,male,436,65,你怎么知道年轻人只上香不上进
4.88E+15,4.88E+15,21,4.88E+15,2023/3/21 14:44,1,来自上海,PsychoMisa,3749102073,female,244,284,啊对对对，年轻人不上进不上课
4.88E+15,4.88E+15,21,4.88E+15,2023/3/21 14:43,0,来自黑龙江,sjajshsbdkslaks,6487804422,female,224,4,关你屁事管好自己
4.88E+15,4.88E+15,21,4.88E+15,2023/3/21 14:43,0,来自福建,_SaeEleisaTeraVi,7804731138,male,19,0,关你屁事
4.88E+15,4.88E+15,21,4.88E+15,2023/3/21 14:42,0,来自云南,sulwha723,7399024170,male,268,8,我做什么关你屁事
4.88E+15,4.88E+15,21,4.88E+15,2023/3/21 14:42,0,来自江苏,L黑夜不再来,3612399252,male,413,130,关你屁事
4.88E+15,4.88E+15,22,4.88E+15,2023/3/21 14:42,1,来自上海,火石huoshi,2995256462,female,166,85,你以为他们想嘛？
4.88E+15,4.88E+15,22,4.88E+15,2023/3/21 14:42,0,来自河北,不要掉头发啦a,5523247407,female,92,102,别管我们
4.88E+15,4.88E+15,22,4.88E+15,2023/3/21 14:41,4,来自山东,李好鱼,6423551415,male,640,1895,媒体没逻辑还好意思发，非黑即白的逻辑谬误，不能上班上学的同时上香吗，不能求己求人也求佛吗？非要选其一？
4.88E+15,4.88E+15,22,4.88E+15,2023/3/21 14:41,0,来自重庆,天门谣,6223890573,male,371,97,评泥嘛，内蒙古露天煤矿坍塌你咋不评一评，甚至都不敢报道下最后死了多少人?
4.88E+15,4.88E+15,22,4.88E+15,2023/3/21 14:41,0,来自上海,黑胡子的白胡子,2807711074,male,185,50,关你们屁事啊
4.88E+15,4.88E+15,22,4.88E+15,2023/3/21 14:41,0,来自河北,我们一起搬砖吧,7063213442,male,132,102,管你鸡儿事
4.88E+15,4.88E+15,22,4.88E+15,2023/3/21 14:41,2,来自浙江,PP_Kritt_Billkin_Putthipong,5997864792,female,66,10,不会吧不会吧，只不过利用节假日去上个香、真以为我们不用上班了？难道不是应该庆幸年轻人把压力给菩萨分享了而不是给社会添麻烦么
4.88E+15,4.88E+15,22,4.88E+15,2023/3/21 14:41,0,来自四川,1颗不变心,1850131881,female,1717,377,我清明还要上坟
4.88E+15,4.88E+15,22,4.88E+15,2023/3/21 14:40,0,来自浙江,菱角湾湾,2138196045,female,303,485,少管我！
4.88E+15,4.88E+15,23,4.88E+15,2023/3/21 14:40,1,来自江苏,马上暴富好运连连女士,5778787607,female,149,126,我上香关你屁事？又没给我出香火钱
4.88E+15,4.88E+15,23,4.88E+15,2023/3/21 14:40,0,来自江苏,離群de鸽孒,2275194100,female,380,333,啊呸！
4.88E+15,4.88E+15,23,4.88E+15,2023/3/21 14:40,0,来自江苏,YEE1128CAI0306,6445468047,female,237,12,别管 挂你屁事
0,4.88E+15,24,4.88E+15,2023/3/21 13:58,5,来自吉林,乳牛湾啦,7363393767,male,131,2,管好你自己
0,4.88E+15,24,4.88E+15,2023/3/21 13:19,17,来自中国香港,二别扭,1146320425,female,647,176,年轻人是没上班还是没上学？是没求人还是没求己？宗教盛行要反思的是社会
0,4.88E+15,1,4.88E+15,2023/3/22 17:35,5,来自吉林,出来遛兔子的猫,1262153021,female,276,71,有时候去上香是为了让自己平静下来，减少不必要的情绪消耗，提醒自己做个善良的人，不然以现在的压力分分钟掀桌子
0,4.88E+15,1,4.88E+15,2023/3/22 17:00,4,来自黑龙江,我的昵称叫海中心,7744965617,male,205,0,纷纷扰扰各种替年轻人发言，为啥不见那些上香年轻人的声音？
0,4.88E+15,1,4.88E+15,2023/3/23 8:58,0,来自广东,mhist法徽,1792976233,female,340,1085,同意，通常只是淳朴的美好心愿。没必要什么都上纲上线。
0,4.88E+15,1,4.88E+15,2023/3/22 16:58,0,来自河南,撕成了回忆,3191705730,male,102,89,封面抠图有白边啊，扣鸡腿。
0,4.88E+15,1,4.88E+15,2023/3/23 7:17,0,来自广东,茶歧,2662707867,female,67,42,其实不是信仰，只是太累了，物质生活完全是牺牲精神换来了
0,4.88E+15,1,4.88E+15,2023/3/22 17:01,0,来自阿曼,清净合和,7624722835,male,111,2,但凡现实足够美好，没人会向虚无的宗教祈求慰藉的
0,4.88E+15,1,4.88E+15,2023/3/22 16:56,0,来自江苏,海水婷蓝_279,1443271874,female,404,54,有信仰不好么？！
0,4.88E+15,1,4.88E+15,2023/3/22 18:25,0,来自北京,时时顺心天天开心,7518361489,female,262,16,某些人管太宽
0,4.88E+15,1,4.88E+15,2023/3/22 17:00,1,来自辽宁,晓弥知,3825771556,female,1365,802,所以能不能让年轻人静静  天天热搜讨来讨去 像stalker一样
0,4.88E+15,1,4.88E+15,2023/3/22 16:58,0,来自河北,李乙一,2789716917,male,327,442,奋斗个什么？祈祷躺平不香吗？
0,4.88E+15,1,4.88E+15,2023/3/22 16:57,0,来自天津,一点论断,7620841785,male,249,149,比信基督教强多了。
1.41E+14,4.88E+15,1,4.88E+15,2023/3/21 20:51,28,来自湖北,秦古双萌-百病不侵,5249616630,female,1317,965,我也得找个寺庙上上香了流年不利
1.41E+14,4.88E+15,1,4.88E+15,2023/3/21 20:47,118,来自北京,好男将,1951710840,male,601,3066,快评——快他妈别评了
1.41E+14,4.88E+15,1,4.88E+15,2023/3/21 20:46,66,来自北京,生活家朴哲,7379417592,male,728,8.7万,新京报啊，不奇怪
1.41E+14,4.88E+15,1,4.88E+15,2023/3/21 20:47,30,来自河南,武舞午,2873463155,male,248,137,随地大小爹
1.41E+14,4.88E+15,1,4.88E+15,2023/3/21 20:48,28,来自广西,迷一样的小蘑菇,1886696035,female,160,576,就不准人家上学上进的同时来上香吗少些管教多些理解吧
1.41E+14,4.88E+15,1,4.88E+15,2023/3/21 21:01,24,来自辽宁,冰美加盐,5348885131,male,29,52,新京报不监督政府不揭露奸商只敢评论年轻人生活。
1.41E+14,4.88E+15,1,4.88E+15,2023/3/21 20:51,21,来自广东,新疆-狐狸,1579938011,male,693,466,少些说教，多些理解
1.41E+14,4.88E+15,1,4.88E+15,2023/3/21 21:30,14,来自广西,月半将成为阿胖,2673742577,male,372,303,只是烧香拜佛又没危害社会抢劫放火的。。。连点心灵寄托都不允许有了？！有空扯这个还不如多呼吁社会提供多点工作机会和良好的工作环境呢！
1.41E+14,4.88E+15,1,4.88E+15,2023/3/21 21:21,13,来自湖北,夏夏Pisces,2591766162,female,277,2019,你tmd才不上学不上进
1.41E+14,4.88E+15,1,4.88E+15,2023/3/21 20:50,11,来自四川,胃口又变好了呢_,7365751822,female,1178,26,捏叠，几千个人录几个人不烧香还能怎么办啊
1.41E+14,4.88E+15,1,4.88E+15,2023/3/21 20:55,12,来自天津,Bean_刘力铭_cox,2989052063,male,683,230,我们唯心不唯物了，你管的着么
1.41E+14,4.88E+15,1,4.88E+15,2023/3/21 20:56,9,来自四川,张Dan阳,6060017260,male,287,560,又开始批评年轻人。。。
1.41E+14,4.88E+15,1,4.88E+15,2023/3/21 20:49,7,来自浙江,优秀cheer,6594040344,female,239,94,我去上香就是不上进？
1.41E+14,4.88E+15,1,4.88E+15,2023/3/21 21:00,3,来自北京,小艾Jewelz,1235403644,female,346,1249,没新闻可以不发
1.41E+14,4.88E+15,1,4.88E+15,2023/3/21 21:37,4,来自北京,倾心独恋monlng,7330841857,female,90,21,鼓吹世界没有救世主，美好生活由自己创造，结果人类只能不停出力不能休息，放松一下都会有罪恶感，这种生活东亚人还没过够吗？
1.41E+14,4.88E+15,1,4.88E+15,2023/3/21 21:13,3,来自江苏,AIone-Y,5361383477,male,120,245,佛祖也要吃饭。。断佛祖的香火。。人争一口气，佛争一炷香。。小心嗷。。
1.41E+14,4.88E+15,1,4.88E+15,2023/3/22 0:11,2,来自广东,扑杀南瓜,1768164800,female,384,570,年轻人班都下不了了还不上进，这是劝人上进吗上天堂吧
1.39E+14,4.88E+15,2,4.88E+15,2023/3/21 21:42,2,来自河北,CapriciousMario隆冬,3238600182,male,232,539,管得着人家嘛
1.39E+14,4.88E+15,2,4.88E+15,2023/3/21 22:12,2,来自广东,夏天不爱吃猕猴桃,6509642426,female,349,53,我去找个精神寄托好过你发的毒鸡汤吧
1.39E+14,4.88E+15,2,4.88E+15,2023/3/21 22:02,3,来自江苏,静檐幽居路由器,6389511288,male,217,56,啊对对对不然你报警吧
1.39E+14,4.88E+15,2,4.88E+15,2023/3/21 21:54,2,来自浙江,夏天买棉袄_,2623632975,male,381,618,问题是老年人也不会手机订票啊。这个比例很难有说服力啊。
1.39E+14,4.88E+15,2,4.88E+15,2023/3/21 21:28,2,来自江苏,失物招领处的咸鱼,5928267794,male,222,93,你反思下自己
1.39E+14,4.88E+15,2,4.88E+15,2023/3/21 21:08,1,来自江苏,蜀客回来了,1040404902,male,1367,1222,媒体做好权力的监督就好了，这样年轻人才有公平的奋斗环境
1.39E+14,4.88E+15,2,4.88E+15,2023/3/21 20:55,1,来自河南,一茶beck,7075459857,male,192,107,对对对 全世界中国年轻人最懒 就中国年轻人歇的最多 行了吧
1.39E+14,4.88E+15,2,4.88E+15,2023/3/21 20:51,1,来自贵州,泥泞的翠盖荷,6358800034,female,188,44,我左手盘手串，右手洗盘子，务实
1.39E+14,4.88E+15,2,4.88E+15,2023/3/21 23:39,1,来自内蒙古,我真的喜欢一个人呀,2538486655,male,114,35,笑死，宁愿信鬼神都不愿意信某些车轱辘话。
1.39E+14,4.88E+15,2,4.88E+15,2023/3/21 21:51,1,来自广东,很喜欢二十啊,5356237223,male,269,454,原来是新京报 不稀奇 蹭流量什么都干
1.39E+14,4.88E+15,2,4.88E+15,2023/3/22 11:09,0,来自辽宁,为渡海征司郎写一万首情诗,7183338161,female,555,243,惹谁了？
1.39E+14,4.88E+15,2,4.88E+15,2023/3/21 22:08,0,来自上海,阿严重缺熙zoe,5869260228,female,1712,352,上个香还要被说，神经，大概是没事找事
1.39E+14,4.88E+15,2,4.88E+15,2023/3/21 21:52,0,来自江苏,-唯悦-,5523099372,male,25,0,因为新京报只敢拿年轻人开涮
1.39E+14,4.88E+15,2,4.88E+15,2023/3/21 21:32,0,来自重庆,请勿外放电子设备,6347437019,male,516,51,管得着嘛你
1.39E+14,4.88E+15,2,4.88E+15,2023/3/21 21:10,0,来自新疆,隐隐约约知道一点点啦,6986682095,female,332,145,灵隐寺香火很旺吧！
1.39E+14,4.88E+15,2,4.88E+15,2023/3/21 21:09,0,来自四川,一点都不男子汉,5238757976,male,639,82,差不多得了
1.39E+14,4.88E+15,3,4.88E+15,2023/3/21 21:04,0,来自辽宁,月刊少女眉毛酱,2275364730,female,277,529,上香
1.39E+14,4.88E+15,3,4.88E+15,2023/3/22 8:39,0,来自安徽,不知名的沈淮南,5754353465,male,80,94,不得不说，一楼评论真的非常棒，新京报能不能看懂就不知道了。
1.39E+14,4.88E+15,3,4.88E+15,2023/3/21 22:47,1,来自云南,云边有个riskey,1505334795,male,346,333,我点高香敬神明
1.39E+14,4.88E+15,3,4.88E+15,2023/3/21 22:20,1,来自云南,请赐予坚持的信念,2627056405,female,78,392,寺庙存在的意义是啥
1.39E+14,4.88E+15,3,4.88E+15,2023/3/21 21:46,0,来自江苏,春江水暖鸭先知A,5865941462,male,438,570,哈哈哈哈哈。我也上香
1.39E+14,4.88E+15,3,4.88E+15,2023/3/21 21:39,0,来自广东,月亮甜桃邮递员,7768194495,female,587,13,明白了找机会去上个香，要不然我怎么那么倒霉
1.39E+14,4.88E+15,3,4.88E+15,2023/3/21 21:38,0,来自江苏,葛栗葛栗,1806852415,male,254,35,相当清醒，知道自己靠不住只能靠老天爷了
1.39E+14,4.88E+15,3,4.88E+15,2023/3/21 21:22,0,来自北京,李瞅啥_,1624587272,male,224,507,如果年轻人觉得能够通过上学努力改变命运 谁又会上香呢
1.39E+14,4.88E+15,3,4.88E+15,2023/3/21 21:21,0,来自陕西,bienbienbienbienbien,5398663475,male,97,23,新京报像个笑话
1.39E+14,4.88E+15,3,4.88E+15,2023/3/21 21:20,0,来自天津,穹苍宝鉴,1690121124,male,685,139,新京报这样的怎么还没有被取缔？
1.39E+14,4.88E+15,3,4.88E+15,2023/3/21 21:14,0,来自江苏,爱跑步的猪猪,5624008694,female,903,16,还是实事求是的找找当下年轻人求佛，躺平的真实原因吧！！
1.39E+14,4.88E+15,3,4.88E+15,2023/3/21 21:06,0,来自山东,人间萝卜·韩,3026399310,male,348,1270,这有什么逻辑关系吗？
1.39E+14,4.88E+15,3,4.88E+15,2023/3/21 21:02,0,来自江苏,J06s,7303870570,male,400,8,卧槽，忘记许愿了
1.39E+14,4.88E+15,3,4.88E+15,2023/3/21 21:02,0,来自四川,是阿辉咯,5075818096,female,160,112,你可闭嘴吧
1.39E+14,4.88E+15,3,4.88E+15,2023/3/21 21:02,0,来自吉林,周晓猴,2769337193,female,400,168,迷信
1.39E+14,4.88E+15,3,4.88E+15,2023/3/21 20:58,0,来自吉林,天灰了请闭眼128,1938660473,male,490,135,别他妈评了，快黄了吧
1.91E+11,4.88E+15,4,4.88E+15,2023/3/21 20:52,0,来自陕西,步大花·,5024610994,female,384,160,少管别人
1.91E+11,4.88E+15,4,4.88E+15,2023/3/22 17:30,0,来自上海,ALanGlorym,1045327584,female,178,91,新京报这种无底线媒体为什么还活着？
1.91E+11,4.88E+15,4,4.88E+15,2023/3/22 12:57,0,来自河北,LostD3猴子,5208357965,male,240,76,被骂够了吗
1.91E+11,4.88E+15,4,4.88E+15,2023/3/21 20:46,0,来自福建,皮卡区第一百里守约,5537142638,female,745,252,它怎么知道我们不上学不上进？
1.91E+11,4.88E+15,4,4.88E+15,2023/3/21 20:46,1,来自北京,大丈夫問題no,3137087123,male,104,159,媒体和专家不专注民生，不专注科研，只专注流量和利益
1.91E+11,4.88E+15,4,4.88E+15,2023/3/21 21:30,0,来自辽宁,需一无,5026586193,male,194,186,交给运气吧…
1.91E+11,4.88E+15,4,4.88E+15,2023/3/22 17:42,0,来自福建,CinnyCEEE,2613226347,female,206,91,管好你自己把！！！
1.91E+11,4.88E+15,4,4.88E+15,2023/3/22 9:52,0,来自广西,星野源吃我一剑,2632867094,male,384,515,新京报能不能闭嘴，这是什么瘠薄快评
1.91E+11,4.88E+15,4,4.88E+15,2023/3/22 1:28,0,来自广西,山岳君Share,5384100418,female,592,135,真逗，只有上进上学(有所求的)才会认真去上香，屁都不懂都乱放，年轻人做什么你们都要跳出来讲，你们家住海边吗管那么宽
1.91E+11,4.88E+15,4,4.88E+15,2023/3/21 23:38,1,来自广东,你为什么要无理取闹,5752336872,male,114,72,关你屁事？
1.91E+11,4.88E+15,4,4.88E+15,2023/3/21 22:14,0,来自浙江,李-元一,1889755115,male,153,250,这就是为什么年轻人不喜欢这些媒体的原因，永远站在制高点上说教
1.91E+11,4.88E+15,5,4.88E+15,2023/3/21 21:51,1,来自广东,吃麦满分的反派,1745373142,male,82,38,这么严重啊 你上报联合国了吗
1.91E+11,4.88E+15,5,4.88E+15,2023/3/21 21:50,1,来自中国,宇宙第一斯威格,6177855267,female,96,20,关你屁事
1.91E+11,4.88E+15,5,4.88E+15,2023/3/21 21:32,0,来自四川,嗑颗松子,2158168300,female,288,100,可见年轻人压力多大
1.91E+11,4.88E+15,5,4.88E+15,2023/3/21 21:30,0,来自安徽,索菲娅公主的侍卫,5450053854,male,357,293,咸吃萝卜淡操心
1.91E+11,4.88E+15,5,4.88E+15,2023/3/21 21:20,0,来自广西,Betty-小舍,3754943345,female,936,91,现在的年轻人压力太大了。
1.91E+11,4.88E+15,5,4.88E+15,2023/3/21 21:19,2,来自广东,禄马扶持的家和,7276672399,female,305,1,新京报还有什么可以看的，他们寻找汤兰兰的时候想什么呢
1.91E+11,4.88E+15,5,4.88E+15,2023/3/21 21:18,0,来自黑龙江,哈哈哈阿阿巴阿巴,6343543118,male,113,0,该张嘴时候闭嘴，不该张嘴在这放屁
1.91E+11,4.88E+15,5,4.88E+15,2023/3/21 21:16,0,来自河南,执笔染墨白,2457861907,male,339,139,🙏
1.91E+11,4.88E+15,5,4.88E+15,2023/3/21 21:02,1,来自湖北,xxlllxxnx,1394424920,female,73,292,该上进上进、该上香上香..谁都不傻…
1.91E+11,4.88E+15,5,4.88E+15,2023/3/21 21:00,1,来自江苏,Vpablo0221,5261856106,male,483,16,现在的媒体最好闭嘴！！年轻人已经不听你们那千篇一律的说教了，搞愚弄百姓的那一套，没人听了！！！
1.91E+11,4.88E+15,5,4.88E+15,2023/3/21 20:57,1,来自湖北,遥远的麦克斯,2384502750,male,419,364,看不到希望只能上香了
1.91E+11,4.88E+15,5,4.88E+15,2023/3/21 20:57,1,来自上海,用户1437215075,1437215075,male,422,626,仔细想想，谁逼的，谁把国家搞成这样
1.91E+11,4.88E+15,5,4.88E+15,2023/3/21 20:56,1,来自马来西亚,赫尔曼好像他的影子,6219061739,male,17,0,我上香不也是为了上进吗？不上进我就躺家里等死了
1.91E+11,4.88E+15,5,4.88E+15,2023/3/21 20:54,0,来自北京,AitaiAitai,5165428804,male,669,21,我们被批判了
0,4.88E+15,6,4.88E+15,2023/3/21 20:54,0,来自山西,不好意思我有急事先走了-,3318826191,female,668,219,因为现实改变不了
0,4.88E+15,6,4.88E+15,2023/3/21 20:53,0,来自广东,喵喵耶sir_,2823180280,female,493,588,关你p事
0,4.88E+15,6,4.88E+15,2023/3/21 20:52,5,来自广东,bbbadboyZF,2643449713,male,121,300,北京日报：  这才是媒体该发声的，而不是一直只盯着现象不看本质
0,4.88E+15,6,4.88E+15,2023/3/21 20:52,0,来自北京,Sleep_on_the_moon,1393611722,female,243,5.2万,奋斗成这样写这个稿子的人可谓是坏例子
0,4.88E+15,6,4.88E+15,2023/3/21 20:48,0,来自湖南,葱花打捞员,2607897081,female,631,135,少对年轻人指指点点
0,4.88E+15,6,4.88E+15,2023/3/21 20:48,0,来自山东,糖球球糖豆豆,1931933905,female,331,254,谁说上香就不上进了？两手抓不行？
0,4.88E+15,6,4.88E+15,2023/3/21 20:46,0,来自新加坡,感觉就像喝了很烈的酒,5207015638,female,198,43,gnps
0,4.88E+15,6,4.88E+15,2023/3/21 20:46,0,来自湖北,在各个墙头不停蹦跶的酥糖,7193691962,female,369,30,关你屁事
