Keyword,Pages,Weibo ID,Author name,Author gender,Follow Counts,Followers Counts,Posting Time,Repost Counts,Comment Counts,Like Counts,IP location province,IP location country,Contents
年轻人不上学不上进只上香,2,4.88E+15,西西弗小鸟,female,792,2179,2023/3/25 1:04,0,0,0,湖北,中国,今天写东西，写了武汉的寺庙。武汉最久远的两个寺庙，头陀寺（观音阁，刘宋时期），和报恩禅寺（梁），都是南朝（南朝四百八十寺，多少楼台烟雨中的那个南朝）修建的。多少还是和时代境遇有关，心里慌就拜拜佛。
年轻人不上学不上进只上香,2,4.88E+15,zz想去海边_,female,243,35,2023/3/24 23:28,0,0,2,陕西,中国,明天去寺庙里上香，今天洗澡的时候特意敷了一张面膜，抹了一个深水泡弹发膜，以示我出门的最高礼节（八百年没敷面膜了，深水泡弹也是我遇见十分有仪式感的事情时才会用一个，作为每次洗澡洗头的消耗品的话真的消费不起），沐浴焚香只为让佛渡一下我坚定的唯物主义者，但就是主打一个心诚则灵
年轻人不上学不上进只上香,2,4.88E+15,是可呢嘛,female,74,1,2023/3/24 13:12,0,0,0,河南,中国,今天上学最后一天，明天就不上了
年轻人不上学不上进只上香,2,4.88E+15,小梨星人,female,272,472,2023/3/23 18:38,0,0,1,广西,中国,随便了，阿弥陀佛
年轻人不上学不上进只上香,2,4.88E+15,史实君,male,514,63.9万,2023/3/22 22:44,2,1,24,安徽,中国,网上说年轻人不上课，不上进，只上香。我想问：年轻人上了香怎么了？！年轻人有错？错在太有素质，太尊老了？才会落得天天被人爹味儿说教的下场。这几年我们这届年轻人简直太难了，你努力了，说你是小镇做题家，你躺平了，说你不能做咸鱼，你好不容易考上大学了，说你脱不下长衫，你生活困难，他建议你可以把多余的房子租出去嘛，你想退休，不好意思，得延迟，你想就业，不好意思，35岁就没有职业竞争力了。于是年轻人看卷也不是，躺也不是。心说我去烧个香吧，立马有人教育你，不上课，不上进，只上香，奋斗才是年轻人的底色呀！我不明白，重压之下，去烧个香，求个心理安慰，怎么就成了年轻人的罪过了呢？年轻人的生活已经这么苦了，还不能寻个精神寄托了，老一辈上香就是求个心安，年轻人上香就是不求上进。上个香不过是对美好生活的期许，不偷不抢怎么就让有些人不舒服了，难道上香就不能上课了？上进就不能上香了？是谁跟你说上香就不能上课上进了？依据是什么？理论是什么？无凭无据的推断，实属污蔑！有些人就非要把上进和上香二者对立起来，以此找点优越感，站在制高点去教育年轻人，这种水平还来教育年轻人？您自己重新接受教育吧。谁成天没事去上香啊？咱不过是在上课上进之余偶尔上次香。这就让您得出结论了，年轻人把希望寄托在神佛之上了，您这是意想还是意淫呢？他们从来不想年轻人为什么上香，为什么不脱长衫，而只对年轻人上香的行为发表他们固执过时的看法。年轻人上香的背后，是他们觉得通过奋斗能改变的越来越少，奋斗的目标越来越迷茫，自嘲，不上课去上香，不求人去求佛。不作为去做法是对压力的调侃，也是自我治愈的方式，作为长辈，你们应该看到的是当下年轻人的不容易，给年轻人创造一个大展拳脚的舞台，年轻人考研考中奔波找工作已经很难了，我们需要的是一些理解和支持，而不是无情的批评。我们需要的是鼓励和关怀，而不是冷漠和嘲讽。我们需要的是长辈的指点，而不是您的指指点点。以前总有人说90后不行了，00后废了，事实是一代更比一代强，上的课堂，进的庙堂，所以别老想着教年轻人做事，管好自己。晚安，同学们
年轻人不上学不上进只上香,2,4.88E+15,三联生活周刊,male,851,2469.2万,2023/3/21 20:22,288,282,4534,北京,中国,【新京报快评： 】 据新京报快评：如今一些年轻人格外偏爱寺庙游，到清幽禅静中去寻找心灵慰藉，将人生转机寄托于超自然力量，成为了一个引人关注的社会现象。有在线票务平台数据显示，今年以来，寺庙相关景区门票订单量同比增长 310%；2月以来预订门票的人群中，90后、00后占比接近 50%。相关监测数据也显示，2019年，“寺庙”在社交平台上还处于籍籍无名的状态，4年时间过去，而今的搜索量增长了368 倍。从数据看，原本是中老年人偏好场所的寺庙，如今确实在年轻人中也火了起来。在社交平台上，随处可见各大寺庙的种草笔记，以及关于“灵不灵”“准不准”之类的测评，年轻人似乎真的爱上香了。其中原因倒也好理解。如今年轻人也面临不小的压力，考研究生、找好工作、摆脱单身等。而压力之下，年轻人寻找一个释放压力、转移焦虑的渠道，选中了香火氤氲、庄严宝相的寺庙。但是，压力之下，一些年轻人如果真的把自己的生活希望寄托在神佛之上，这样的生活之路也显然走偏了。这在某种程度上也说明了求神拜佛的虚妄。如今许愿、祈祷几乎无所不在，除了实体寺庙，网络上还有“赛博许愿”，一段视频、一场直播都有无数人在许愿。且不说这么多愿望神佛能不能处理得过来，至少这些愿望本身很多就相互冲突——比如，一位考生祈祷考研上榜，则必然有另一位祈祷者要落榜，这种矛盾又该如何平衡呢？这也凸显了此一行为的现实荒唐性。因此，只要仔细想想就能知道，乞灵于神佛终究是靠不住的。把逛寺庙当作休闲放松，当作积极的心理慰藉，这当然没什么。但有的人如果入戏过深，把超自然力量当作了解答，而放弃了自身的努力、在现实世界的奋斗，恐怕就是捡了芝麻丢了西瓜，忽视了改变命运的真正关键——自己。年轻人不该“不上课不上进只上香”，奋斗才是青春的底色。
年轻人不上学不上进只上香,2,4.88E+15,_因为乌鸦像写字台_,female,85,28,2023/3/22 12:16,0,0,0,云南,中国,上进007猝死吗？上进讨好领导吗？
年轻人不上学不上进只上香,3,4.88E+15,小郭要一直有钱,female,315,57,2023/3/22 10:05,0,0,5,山东,中国,安得广厦千万间，广厦一千万一间
年轻人不上学不上进只上香,3,4.88E+15,新鲁爷,male,299,144,2023/3/22 9:37,0,2,5,江苏,中国,我是一名纯粹的无神论者，从小对这些只在心里充满敬畏，很少“付出行动”。 爸妈和邻居们遇到烦心事或者“无路可走”时才会这样，可能年轻人也到了这个人生阶段吧。 “我点高香敬神明，抵我心中意难平”
年轻人不上学不上进只上香,3,4.88E+15,废话精和大哑巴,male,29,1,2023/3/22 7:34,0,0,0,河南,中国,只看到上香，看不到上进，合着你也在寺庙里待着呢
年轻人不上学不上进只上香,3,4.88E+15,玉面俏山魈,male,205,153,2023/3/22 2:43,0,0,5,美国,美国,请问新京报还记得当年你是怎么评论刘学州的吗？我替你记着呢！
年轻人不上学不上进只上香,3,4.88E+15,陈如是说,male,882,80.6万,2023/3/21 20:26,37,19,261,上海,中国,本该朝气勃勃的年轻人为啥要去问神佛，更该反思的难道不是国家、社会、单位？
年轻人不上学不上进只上香,3,4.88E+15,一碗黑芝麻丸子,female,74,460,2023/3/21 20:36,0,2,10,北京,中国,你要批就不能只批年轻人不上学不上进只上香 你还要批考研卷上了400分 批150进不了京考面试 批寒意侵袭的秋招春招 批剥削廉价劳动力的资本家 批一年年上涨的物价 居高不下的房价 批日渐严重的老龄化 拿不出还要从年轻人手里骗的养老金 批吃饱了没事干也没志向去挑大粪的媒体 你觉得我说的对吗？新京报
年轻人不上学不上进只上香,3,4.88E+15,KKailcy,male,225,41,2023/3/21 20:24,0,0,1,湖北,中国,你看看这个配图，里面有几个是年轻人？
年轻人不上学不上进只上香,4,4.88E+15,驴铁鱼,female,35,25,2023/3/21 18:15,0,0,2,江苏,中国,上学：“小镇做题家” 上班：“不愿脱下长衫” 什么也不做：“年轻人不上学不上进只上香”
年轻人不上学不上进只上香,4,4.88E+15,徐自期,male,294,4180,2023/3/21 17:31,0,1,4,湖北,中国,某京报是啥成分报告，建议取消，不要管那么宽！
年轻人不上学不上进只上香,4,4.88E+15,歪比巴巴比卜,female,676,5,2023/3/21 16:23,0,1,5,吉林,中国,我不仅上香 我还给你上坟呢
媒体评年轻人不上课不上进只上香,2,4.93E+15,大辉不当韭菜,male,77,69,2023/8/5 21:40,0,1,1,江苏,中国,上班和上进怎么选呢！算了～还是上香吧！ （今天能黑两个度） 苏州·重元寺
媒体评年轻人不上课不上进只上香,2,4.93E+15,觀菩-小张同学,male,765,9259,2023/7/29 18:21,0,5,207,北京,中国,雍和宫 法物流通处柜台图    北京·雍和宫
媒体评年轻人不上课不上进只上香,2,4.93E+15,BBei尔,female,270,915,2023/7/23 9:18,0,0,2,河南,中国,我宣布我已经有精神寄托了 这个月上班感恩普贤菩萨🙏 抢到宿舍感恩文殊菩萨🙏 真实演绎
媒体评年轻人不上课不上进只上香,2,4.93E+15,8023_designer_henry,male,74,1,2023/7/22 17:12,0,0,15,四川,中国,「卷 ～卷 ～卷」 现在“求佛”的人越来越多了，年轻主力军的加入。佛也被卷～～ 佛祖:“这逼班不上也罢” 我:“我佛慈悲，再听听我这凡人小小的心愿吧”
媒体评年轻人不上课不上进只上香,2,4.93E+15,七月的厦夏,female,394,1044,2023/7/21 22:06,0,0,1,福建,中国,关于自己的日常…一周更一次…因为没啥时间受伤了 减少了锻炼频率 …也顺带又换了新的教练…希望能跟的长久点…（教练很实诚第一句就是你确定你需要找教练？你这随便都是教人的我就当他奉承我吧）四果汤是夏天必备的神器…闺蜜送的手链很喜欢…我喜欢一切关于寺庙的东西很多年前就是 我是单纯的觉得那个氛围和香气让我心安 日常保养很有必要…每次感觉皮肤不错 清完闭口一脸红肿
媒体评年轻人不上课不上进只上香,2,4.91E+15,湖里养鲸,female,187,179,2023/5/29 14:23,0,11,5,北京,中国,巧了 不仅给全家上香 还给姥姥请串
媒体评年轻人不上课不上进只上香,2,4.91E+15,吃饭用盆吃,female,973,2519,2023/5/29 12:15,0,0,2,河北,中国,我就爱上香，你能咋滴！雍和宫白云观我的精神寄托。 我不光烧香，我还算命，我还会算命 咋滴
媒体评年轻人不上课不上进只上香,2,4.91E+15,长得这么漂亮怎么是个妖怪,female,31,60,2023/5/29 11:11,1,0,3,山东,中国,我觉得也是一种上进吧 就想自己的生命里 是不是还有一种美好的东西 在前面等着我 证明他还有上进心 ——余华
媒体评年轻人不上课不上进只上香,3,4.90E+15,枫冷慕诗,male,46,57万,2023/5/5 16:59,1,0,12,湖北,中国,最近一个热门的话题引起了我的思考，年轻人为什么越来越喜欢去寺庙？有人说这是迷信，不信科学信宗教，也有人说这是一种躺平的心态，根本不值得推崇，但我却通过这种现象有了更深入的思考。当代年轻人之所以热衷去寺庙，根源在于社会环境压力太大，在现实中很难获得认可和支持，他们感到焦虑、迷茫，找不到前行的方向，所以只能去一个与世隔绝的地方，寻得片刻的宁静，诉说自己现实中无法实现的愿望。想一想我们的父辈，他们成长于改开的春风之中，那时候中国百业待兴，胆大敢做敢闯就有可能打拼出一份自己的事业。再想一想我们的兄长，他们虽然错过了大学毕业包分配的历史良机，但当他们进入社会的时候，正好遇到了中国加入世贸之后的黄金十年，经济高速腾飞，房价也处于温和可控的范围，努努力，也能过上不错的生活。但是等到现在这批90后和00后的年轻人进入社会工作的时候，他们面对的是什么环境？赚钱的教培行业被调控，高薪的互联网行业发展遇到了瓶颈，楼市经过几轮上涨，已经到了他们只敢远观的地步。当他们996加班月薪只有6000却要面对均价3-4万的房价时，他们一定会问自己一个问题——努力的意义到底是什么？这就是当代年轻人热衷于去寺庙的内在原因，根源还是社会环境催生的群体现象，而不是很多人批评的迷信、躺平、没斗志，任何离开现实空谈理想的行为，通通都是甩流氓！
媒体评年轻人不上课不上进只上香,3,4.90E+15,梗豆是个耿直girl,male,48,25,2023/5/1 8:12,0,1,0,湖南,中国,突然理解了马克思说的，古代人为什么信神佛宗教，也明白印度为什么信奉来世，是因为现实过于无望。有些人不是没有慈悲心，只是站在上面太久了，又或许是为了流量博眼球，才会听不见下面的哭声，写这些搞笑点评。 虽然生活很难，但还是要努力的生活下去💪
媒体评年轻人不上课不上进只上香,3,4.90E+15,开心市民小钟,female,264,460,2023/4/29 16:06,0,0,2,浙江,中国,我的努力方式： 祖宗保佑 菩萨保佑 财神保佑 月老保佑🙏嘉兴·福严寺佛教文化旅游区 嘉兴·福严禅寺
媒体评年轻人不上课不上进只上香,3,4.89E+15,mhy坏事干尽,female,567,42,2023/4/24 22:48,0,0,0,江西,中国,天天年轻人长年轻人短，管好你自己好不好别一天到晚责怪别人不上进
媒体评年轻人不上课不上进只上香,3,4.89E+15,大包包包包包包包砸,female,561,461,2023/4/20 21:13,0,0,0,江苏,中国,呵，年轻人这点自由都没了么？？？
媒体评年轻人不上课不上进只上香,3,4.89E+15,用户6149251086,female,89,1,2023/4/19 8:33,0,0,10,广东,中国,原帖在哪里啊，我想去评论聊聊天。
媒体评年轻人不上课不上进只上香,3,4.89E+15,食用乳酸屁王,female,30,78,2023/4/18 2:30,0,0,0,新加坡,新加坡,每天七点二十起床去nus上课 还好只上上午..🥱 明天我必吃到松发肉骨茶
媒体评年轻人不上课不上进只上香,4,4.89E+15,蓝炎5555,male,174,8,2023/4/16 2:51,0,0,1,湖南,中国,无论是以前文学作品的批判，还是当今世界的“呐喊”，都没有什么大用。如果硬要说是有用，也许，这只体现在人民群众与“人民”的用处上罢
媒体评年轻人不上课不上进只上香,4,4.89E+15,武工院青年,male,216,6795,2023/4/15 13:41,8,0,20,湖北,中国,近日，关于的话题冲上热搜，资料介绍称如今一些年轻人格外偏爱寺庙游，到清幽禅静中去寻找心灵慰藉，将人生转机寄托于超自然力量，成为一个引人关注的社会现象，引人深思。
媒体评年轻人不上课不上进只上香,4,4.89E+15,多巴胺管够,female,2,3,2023/4/12 15:06,0,0,0,广东,中国,如何避免班上不下去了？职场上，找个干活搭子，互相精神支持，业务互帮互助，熬过一个又一个恶心的老板，不合理的任务，冗长的加班夜。假如你有了，务必好好珍惜TA有助于延长职业寿命，避免冲动辞职和抑郁。
媒体评年轻人不上课不上进只上香,4,4.89E+15,种花家的鲁迅,male,523,120,2023/4/10 9:19,0,0,3,广东,中国,和买彩票的行为一样，这类人多了，说明年轻人上升通道变窄了，贫富差距越来越大，只能寄希望于心灵安慰和幻想
媒体评年轻人不上课不上进只上香,4,4.89E+15,是我的海_a,female,111,59,2023/4/10 8:57,0,0,0,湖南,中国,十八岁了还要上课偷溜出去透气…
媒体评年轻人不上课不上进只上香,5,4.89E+15,轻刀快马live,male,194,292,2023/4/9 11:21,1,1,6,上海,中国,一个洞察：越是充满不确定性的时候，越是难以把握个体命运的时候，年轻人越是有可能把时间投入在健身、养宠和烧香上。因为这三样都属于那种在不确定性的大背景下，为数不多可以抓住的确定性：身体不会欺骗你，主子不会抛下你，佛祖不会假装看不见你。 北京·雍和宫
媒体评年轻人不上课不上进只上香,5,4.89E+15,彭绍望,male,71,113,2023/4/7 22:17,0,0,3,北京,中国,还有一个没有提到的，更多的人涌向了橘子洲头。
媒体评年轻人不上课不上进只上香,5,4.89E+15,北国股侠,male,728,1.3万,2023/4/6 22:06,0,0,3,北京,中国,虽然说烧香拜佛并不能真正帮助人们解决愿望，但至少可以给普通人一个与自己内心对话的机会，让焦虑的灵魂暂时得到心理寄托，那一刻身心是可以得到抚慰的。同时，寺庙之地，人们都会低声交流，谦虚礼让，非常有耐心，把自己最善良的一面展现出来。虽然是暂时的，但也算是一种功德。
媒体评年轻人不上课不上进只上香,5,4.89E+15,水中明月映幽香,male,719,67,2023/4/6 21:32,0,0,5,福建,中国,只谈奉献不谈回报，一个年轻人，正常工作正常生活正常纳税正常消费，不违法犯罪不游行示威，没有不良嗜好，在其他任何国家都算良好公民，在这里叫躺平。996不够上进，还要多上进才叫上进？一天干30个小时？只上班不拿工资？你怎么不叫奶牛只产奶不吃草？怎么不让车不加油冲电还能一直跑？
媒体评年轻人不上课不上进只上香,5,4.89E+15,省呗-官微,male,65,22.6万,2023/4/4 16:00,4208,53,49,广东,中国,？ 私以为你们可能是不太懂当代青年： 奋斗一直是我们的底色，但年轻人也有情感的刚需！  为此，省呗君特意举办一场仿句大赛！ 带话题  并-官微 省呗君将随机翻牌送出50元京东卡哦！快来加入吧
媒体评年轻人不上课不上进只上香,5,4.89E+15,Moonpie边闹闹,female,121,268,2023/4/5 18:14,1,0,20,内蒙古,中国,句句不谈薪资 条条不离奉献 桩桩不谈好处 事事皆讲境界
媒体评年轻人不上课不上进只上香,5,4.89E+15,维他百宝箱,female,3,7,2023/4/4 18:03,0,1,0,天津,中国,平常心是什么？ 平常心就是清净心。有了清净心就有了定力。有了定力，就有了智慧。有了智慧就有了慈悲。有了慈悲就有了功德。修一颗平常心，修一世功德
媒体评年轻人不上课不上进只上香,6,4.89E+15,会飞的小道童,female,57,5,2023/4/1 12:18,0,0,3,江苏,中国,年轻人不上进的话，年轻人会去求？ 难道不是因为很上进 所以才来道观求祖师爷护佑 希望更好
媒体评年轻人不上课不上进只上香,6,4.89E+15,愿为小果儿,female,135,6,2023/3/30 15:38,0,2,1,重庆,中国,看来年轻人求助神祇只是一种轮回
媒体评年轻人不上课不上进只上香,6,4.88E+15,小七是只犟狗,female,543,64,2023/3/29 17:14,0,0,1,浙江,中国,我这个菜鸡 现在连跳绳身体都会出状况   为什么不去寻找这背后的问题在哪里 只内卷而没有进化无意义
媒体评年轻人不上课不上进只上香,6,4.88E+15,中医徐雯,female,41,2465,2023/3/29 13:11,0,1,9,江苏,中国,我就是其中一员，且年数已久，管用。  今日时隔一年，又来一百零八拜。敲个钟祈求单位妖怪烟消云散，在塔楼吹个风神清气爽。  喝茶，抄经，溜猫，好个自在逍遥。
媒体评年轻人不上课不上进只上香,6,4.88E+15,Kevin在纽约,male,99,111万,2023/3/27 8:32,33,113,680,美国,美国,年轻人不容易，上香求什么，求工作求爱情？ .
媒体评年轻人不上课不上进只上香,7,4.88E+15,_老板给我多加点香菜,female,584,280,2023/3/27 11:34,0,1,2,北京,中国,我就烧我就烧我就烧我下周下下周下下周我还去🙏
媒体评年轻人不上课不上进只上香,7,4.88E+15,秃头网红,female,600,282,2023/3/27 7:55,0,4,2,北京,中国,周一早八打工人起不来  雍和宫上香九点开门七点排长队  北京·雍和宫
媒体评年轻人不上课不上进只上香,7,4.88E+15,-Lalalullaby-,female,159,1198,2023/3/26 16:56,0,0,3,广西,中国,此次弄岗秘境游览体验，联系本周新京报评年轻人寺庙游，感触颇深。对于年轻群体的这一行为，实在能理解，媒体着急否定也着实不妥。求神拜佛不失为一种解压途径，但绝不是唯一的。如若真正想减少焦虑，与其寄托于虚无，将倒不如下乡走走。观生灵百态，品自然风光，或许更能沉淀浮躁的心灵 崇左·龙州
媒体评年轻人不上课不上进只上香,7,4.88E+15,欲壑难填-hot,male,419,579,2023/3/26 15:31,1,0,0,浙江,中国,还真基本都是年轻人 杭州·灵隐寺
媒体评年轻人不上课不上进只上香,7,4.88E+15,正能量的小坚果SQ,female,515,3954,2023/3/26 10:07,0,5,5,浙江,中国,今天又去寺庙上香了上香和不上进没有任何冲突。完全没有影响我生活，也没有影响我继续努力搞钱！而且让自己开心，又心安理得，多好的事儿。
媒体评年轻人不上课不上进只上香,7,4.88E+15,啥也不会的废人,female,56,106,2023/3/25 22:17,0,1,4,北京,中国,你他妈最好天天跪着祈祷我只上香别上山更别上红船。 不然你他妈会知道什么叫连个香也上不成
媒体评年轻人不上课不上进只上香,7,4.88E+15,方兴未艾yq,male,132,4,2023/3/25 20:59,1,0,6,湖南,中国,法国总统马克龙要是知道年轻人只上香的话，做梦都要笑醒
媒体评年轻人不上课不上进只上香,7,4.88E+15,体寒公主Beatrice,female,288,226,2023/3/25 19:33,0,1,0,北京,中国,在上进和上班之间，也没忘记上香
媒体评年轻人不上课不上进只上香,8,4.88E+15,卖伊万的小女孩,female,79,121,2023/3/25 17:45,0,0,1,江苏,中国,“知足吧，看看🇫🇷的年轻人准备给马克龙上香了”
媒体评年轻人不上课不上进只上香,8,4.88E+15,章啵鱼,female,1172,1972,2023/3/25 15:26,0,2,16,陕西,中国,上香就知足了吧 搁三十年前年轻人都是上街
媒体评年轻人不上课不上进只上香,8,4.88E+15,WW稳得起,female,391,33,2023/3/24 23:11,0,0,4,四川,中国,不然呢，不上香的话，去给无良媒体，无良专家上坟哇
媒体评年轻人不上课不上进只上香,8,4.88E+15,萧赫-,female,77,2,2023/3/24 21:37,0,0,0,河南,中国,我不信这些，不避谶也没有宗教信仰，但我不觉得人家上个香碍了谁的事。图里这些是随手拍的。孔子的像、范仲淹的像……红绸和木牌是具象的愿望，太重了，只有最粗壮的古树才能承受得住。有求上岸的，有求健康的，前阵子甚至看到一张木牌上写着“希望我和某某某考上同一所初中”，又辛酸又可爱。辛酸的是现在小孩连上初中也要“考”，可爱的是这个年纪天大的忧愁也不过是不能和某某某分到同一所学校。人一辈子区区几十年，大多不过一米来高，却要背着这样多的东西，想想就不堪重负。怜我世人，忧患何多。
媒体评年轻人不上课不上进只上香,8,4.88E+15,鳄鱼十三,male,1184,111万,2023/3/24 15:07,7,60,219,广东,中国,我命由天不由我，拜佛秘笈   想拿offer，去卧佛寺，卧佛寺谐音“offers”； 考研上岸，去灵隐寺，寺内有保金榜题名的普贤菩萨； 事业成功，去雍和宫，雍正经历了九子夺嫡，搞事业王者。  《了凡四训》中有言：“命由我立，福由我求。”
媒体评年轻人不上课不上进只上香,8,4.88E+15,似易恬,male,14,3,2023/3/24 18:41,0,0,0,江西,中国,心里有很多想法，还有问题，还想学什么东西，一直想要找个师父，至今没找到。 想要找个能与我同行的人，一起做着喜欢的事业，一路一起前行，遇到问题可以相互讨论解决方案，至今没找到此人。 确实，平时工作能躺平绝不多做，遇到大庙小庙都进去拜拜，万事万物都在变，唯独佛前许下的愿望一层不变
媒体评年轻人不上课不上进只上香,9,4.88E+15,顾子明说,male,235,45.7万,2023/3/24 9:41,9,16,64,辽宁,中国,日前，新京报一篇指责年轻人《“不上课不上进只上香”》的“雄文”，迅速火出了圈。文章批判了年轻人将生活寄希望于神佛的现实荒唐性，指出奋斗才是青春的底色，鸡汤刚端上来，就被青年人一顿猛喷。在政事堂看来，这文章跟脑残专家建议低收入人群出租闲置房屋如出一辙，被喷也是活该。“拜佛上香”这事儿虽然有点唯心主义，但在如今，却是一个非常公平的赛道。神佛面前，没有“罗马”出生带来的三六九等，只有释迦摩尼座下的人人平等。拜佛时，既不需要拼父母的地位，也不需要拼性别和年龄，所有人都站在一个绝对公平的起跑线上，大家拼的是谁更虔诚。而且，看看现在的年轻人在寺庙求学业、求事业、求财运，就会明白，他们是想要奋斗和努力，但是如今靠自己的奋斗，能够改变的越来越少，便不得不去寻求神佛相助，给他们的奋斗叠宗教Buff。中国的青年是全世界最拼搏的青年，媒体没必要给喂鸡汤，让他们内耗与无意义的内卷，这样只会给既得利益者增加收益。想要解决问题，重要的是想办法给予他们奋斗的上升通道。纵观佛教在中国的发展历史，南北朝的蓬勃发展时期，“三武一宗”怎么灭也灭不掉，是因为当时门阀士族垄断了阶级上升的通道，年轻人没有了什么希望，只能去寻求虚幻。到了北宋之后，佛教就一日不如一日，是随着活字印刷与科举制度提供了上升的通道，年轻人通过“卷学习”就可以改变命运，自然也就对拜佛没有了兴趣。这才是拜佛周期的根源，无知的媒体一味的否定宗教而只知道鼓吹奋斗，小心年轻人不去“上香”，转去“上井冈山”了。回顾历史，为什么70、80后拜佛的少，是因为国家重视科学技术，大学扩大招生，学习和高考可以改变命运。为什么00后拜佛的多，是因为逆天改命的70、80后已经建立了护城河，00后学到的东西都已过时，若是没有一个好爸妈，学习与高考也改变不了太多。媒体与其批判拜佛的现实荒唐，不如想一想，如何能够给年轻人使用更先进的“活字印刷术”便捷的获取知识技术，通过更符合时代生产力的“科举制度”进行内部的公平竞争。过去，中国的70后和80后利用全球化分工，凭借着学到的知识转化为生产力，从内部卷到全球，把中国卷成了世界第二大经济体，也建立了巨大的护城河，让后发展国家难以逾越。如今，以AI和机器人为代表的超级生产力，随着这一波的危机已经破土而出，新一代的中国年轻人只要掌握新的技术，缔造更为强大的生产力，就能绕过我们这些中年人建立的护城河。媒体不应一味的指责灌鸡汤，鼓吹境界和奉献，而是应该像当年支持改革开放一样，帮助他们从事新兴产业建立更为积极和宽容的舆论环境。当中国年轻人把去寺庙上香的劲儿头，用在了AI与数据这些生产力爆发的产业链之上，并能从中获得利益，他们自然就会迸发出让全世界瞩目与震撼的力量。
媒体评年轻人不上课不上进只上香,9,4.88E+15,卢娜姐,female,156,1,2023/3/24 16:41,0,0,1,重庆,中国,新京报早就名声恶臭了，拒绝无良媒体
媒体评年轻人不上课不上进只上香,9,4.88E+15,猫小仙儿爱算命,female,37,970,2023/3/24 14:37,0,0,4,广东,中国,因为意识到了靠努力不如靠运气。有时候什么都没有做错，只是运气不好，能求谁呢？
媒体评年轻人不上课不上进只上香,9,4.88E+15,七郎笔下,male,923,5.7万,2023/3/24 14:26,0,0,4,辽宁,中国,当代年轻人考前最后一手·𝒢𝑜𝑜𝒹 𝒟𝒜𝒴 ‎͏
媒体评年轻人不上课不上进只上香,9,4.88E+15,凤栖梧不至,male,238,6,2023/3/24 12:47,0,0,0,江西,中国,就现在官媒的尿性，绝对的欠收拾，网曝不对，没有人收拾这些人，只能网友自己动手wb
媒体评年轻人不上课不上进只上香,9,4.88E+15,橖子,female,233,464,2023/3/24 12:14,0,1,7,浙江,中国,实在有趣，一夜过去所有的媒体发言都是已编辑。风口转向之快堪比漂移。
媒体评年轻人不上课不上进只上香,9,4.88E+15,Friedericus,male,25,1,2023/3/24 9:37,0,0,1,湖北,中国,奋斗？是去啤酒馆，去小船上，去上山？
媒体评年轻人不上课不上进只上香,10,4.88E+15,为啥昵称不能改2333,female,216,3,2023/3/24 8:15,0,0,0,湖北,中国,最好期待还在上香，不然真在想找解决办法的时候，上香的就该是你了
媒体评年轻人不上课不上进只上香,10,4.88E+15,Helenhappyhappy,female,756,229,2023/3/24 6:55,0,0,0,辽宁,中国,努力才才是硬道理
媒体评年轻人不上课不上进只上香,10,4.88E+15,百草元到三味书屋,female,363,96,2023/3/24 4:54,0,1,0,重庆,中国,求个佛都不行了，那我求谁 求老天爷下金子？
媒体评年轻人不上课不上进只上香,10,4.88E+15,萄xzx,male,270,4,2023/3/24 0:06,0,0,1,广东,中国,不瞒你们说，在广东上香是常态，特别是那些企业公司，大老板更喜欢。有错吗？
媒体评年轻人不上课不上进只上香,10,4.88E+15,玫瑰岛岛民,female,262,272,2023/3/23 23:52,0,1,0,内蒙古,中国,笑死了，这不就是我们吗？
媒体评年轻人不上课不上进只上香,10,4.88E+15,justdoittttt,male,139,106,2023/3/23 22:24,0,0,3,河北,中国,如果有神的话，神看的是诚心。不在乎你的出身、背景、实力。很公平。
媒体评年轻人不上课不上进只上香,10,4.88E+15,绊倒体别再找我我怕新能源误会,male,49,121,2023/3/23 22:12,0,0,8,江苏,中国,看到一句很有意思的话，年轻人不上香，年轻人就得上井冈山了。 社会资源被垄断，我刚工作的时候老板站在我面前，智商能感觉到差不多，因为他爸是某某局长，他就是老板，请问我应该怎么去努力？
媒体评年轻人不上课不上进只上香,10,4.88E+15,郭炎燚爱吃小龙虾,female,320,31,2023/3/23 21:36,0,0,0,上海,中国,谁都不能阻止我上香，上周末刚去了静安寺🙏🙏🙏
媒体评年轻人不上课不上进只上香,11,4.88E+15,陈中臣玄学文化,male,92,192,2023/3/23 19:37,0,0,1,浙江,中国,在充满变数和不确定性的当下，新生代年轻人的心智想法要比上一辈人通透开明得多，传统唯物主义方法论已经无法蛊惑年轻人，“科学”的尽头依然是玄学。  『忧心年轻人上香，不如关心他们在求什么』忧心年轻人上香，不如关心他们在求什么
媒体评年轻人不上课不上进只上香,11,4.88E+15,锦袖盛朱橘,female,357,165,2023/3/23 18:15,0,0,5,江苏,中国,不然怎么办呢？卷又卷不赢，躺又因为穷而躺不平，只能给自己找点心里寄托，求漫天神佛有空的时候往我身上砸点馅饼啦
媒体评年轻人不上课不上进只上香,11,4.88E+15,Sandm71260,male,67,2,2023/3/23 18:07,0,0,5,浙江,中国,文章写尽太平事 ，不敢低头看苍生
媒体评年轻人不上课不上进只上香,11,4.88E+15,魏春亮,male,902,3.7万,2023/3/23 17:40,1,1,6,江苏,中国,这届年轻人真的太难了！ 年轻人上个香，也要被批了吗？
媒体评年轻人不上课不上进只上香,11,4.88E+15,前世涟漪,male,323,103,2023/3/23 17:31,0,0,1,韩国,韩国,不知道NVIDA的年轻人上不上香，也不知道他们能不能脱的下孔乙己的长袍
媒体评年轻人不上课不上进只上香,11,4.88E+15,十九时Clarence,female,557,88,2023/3/23 17:22,0,0,1,湖南,中国,评论区都不看具体内容的吗？虽然有标题党嫌疑，但这篇评论内容还是正常的啊。
媒体评年轻人不上课不上进只上香,11,4.88E+15,不露馅小汤圆,female,482,1210,2023/3/23 17:08,0,2,4,北京,中国,财神爷啊，他在说糊涂话啊财神爷能不能把他的财运分给我，他说的啊，可不关我事啊
媒体评年轻人不上课不上进只上香,11,4.88E+15,柯以不吃荔枝吗,female,1573,127,2023/3/23 16:37,0,0,0,江苏,中国,那我现在在干嘛？在坐牢？
媒体评年轻人不上课不上进只上香,12,4.88E+15,坏婆娘布桑,female,206,230,2023/3/23 16:18,0,1,3,浙江,中国,人的现实地位愈渺小，膜拜的佛的身躯便愈高大。
媒体评年轻人不上课不上进只上香,12,4.88E+15,惟好修以为常,male,84,437,2023/3/23 15:45,0,0,0,贵州,中国,《⛰️》 哪有刚刚好的演员，方圆几里的暧昧像风一样，无数的野心没有天份，时光下雨耗尽了花儿和少年，违背的青春只剩一半，可笑的是不会说话的木偶人。
媒体评年轻人不上课不上进只上香,12,4.88E+15,Ezoey徐佩玲,female,1353,42.4万,2023/3/23 15:09,0,0,3,北京,中国,【佩玲心语】看热议“年轻人越来越爱上香”有感。其实在现今的商业社会，想找一块朴素的清净地太难。那么大家自发想去修行之地，无异是一个可以稍微放松的更好选择。年轻人不过是想找一个功名利禄以外的地方稍微歇息喘口气，了解一些文化，给自己增持一些戒律，也未尝不可。佩玲我向来就很喜欢观禅闻道，基本上到了哪个地儿也都要去当地的庙观觐拜，平素也喜欢看禅诗、玄谈、各类经书典籍里的一些道理。本身儒释道三者就互相浸润，相互之间的文化多有影响。广加阅览，取其精华，去其糟粕即可。当然，也得叮嘱大家，上香是寻求一些外力，自己也要做好内功，自己每天工作学习要严谨、衣食住行要自持，需要自己做的功课不可遗漏。把自己的分内事做好了，也才能更好接到那些福气。星座
媒体评年轻人不上课不上进只上香,12,4.88E+15,Y派大唾沫星子er,female,11,2,2023/3/23 14:53,0,0,0,山西,中国,在这样一个资本环伺、物欲横行的社会，当代年轻人所面对的压力，已经超出了大部分年轻人当前的承受力。既然如此，那年轻人忙里偷闲去一趟与世隔绝、清心寡欲的寺庙又有什么问题呢？想在菩萨面前说出自己的心愿，又何尝不是一种美好的寄托呢？媒体在做批评时更应该思考的是“到底是什么让他们失去了上进的自信，让他们不愿意脱下自己的长衫，让卷得疲惫不堪的他们去选择上香，而不是一味地爹味上身板起训话的面孔”
媒体评年轻人不上课不上进只上香,12,4.88E+15,剑缘风格,male,7,1,2023/3/23 14:50,0,0,0,江苏,中国,没有求财神给财富，只求家人平平安安，健健康康，也能是个错？
媒体评年轻人不上课不上进只上香,12,4.88E+15,龙舌兰的裙底,female,251,14,2023/3/23 14:43,0,2,12,北京,中国,不想让我给你上香的话就闭上你高贵的嘴巴
媒体评年轻人不上课不上进只上香,12,4.88E+15,美驴驴美女,female,51,7,2023/3/23 13:53,1,0,7,陕西,中国,其实，年轻人从来都是最富朝气、最有进取心的可爱群体。正如邹振东教授所说：年轻一代人没有病，有病的可能是咋咋呼呼的我们。老一代永远担心年轻一代是垮掉的一代。可历史与时间都证明：最先垮掉的永远是老一代。
媒体评年轻人不上课不上进只上香,13,4.88E+15,我不是一为,male,70,16,2023/3/23 13:23,0,0,7,广东,中国,新京报你怎么敢说的呀，我国法律规定宗教信仰自由，上柱香怎么就变成不思进取了？ 多批评一下违法企业和黑心开发商吧，弱者不要抽刀向更弱者可以吗？
媒体评年轻人不上课不上进只上香,13,4.88E+15,gvkhufikh脚后跟,male,40,9,2023/3/23 13:08,0,0,1,山东,中国,对对对天天上香宙斯你们这些无良媒体，祝既得利者嘲讽底层人民的沙比枣撕
媒体评年轻人不上课不上进只上香,13,4.88E+15,北北兔子酱,female,199,21,2023/3/23 13:00,0,0,3,山东,中国,啊对对对，寺庙都是现在年轻人刚建的，我们消极避世那考研四百多分还上不了学的高分是中老年人考的？
媒体评年轻人不上课不上进只上香,13,4.88E+15,你算老几你闭嘴我说了算,female,1374,202,2023/3/23 12:34,0,2,3,湖北,中国,所以朋友们，哪一家庙比较灵？？
媒体评年轻人不上课不上进只上香,13,4.88E+15,奔跑跑的卓子,female,567,702,2023/3/23 11:06,0,0,0,广东,中国,讨厌一些以偏概全的讨伐年轻人不够努力的文章，忽略前人时代红利站在制高点指责年轻人，你们写这些文章的时候想没想过年轻人也有可能成为努力且优秀的杠精。
媒体评年轻人不上课不上进只上香,13,4.88E+15,#NAME?,female,329,12,2023/3/23 10:46,0,0,3,安徽,中国,哈哈好讽刺你不如关心一下上香的内容是什么 “自以为自己站在道德的制高点上评判是非”你敢说你从没有私心私欲，求过神上过香拜过佛？因为世俗的人心太险恶了，所以才会有人把希望寄托在神灵上。虔诚且热烈，我不怕鬼我怕的是人心，我的香上的是虔诚的敬畏
媒体评年轻人不上课不上进只上香,13,4.88E+15,禅古禅今,male,433,136.2万,2023/3/22 10:45,80,44,291,山东,中国,天雨虽宽，不润无根之草；佛法虽广，不度无缘之人。生命中，能解救你，渡你的，唯有自己，自己便是自己的佛！往后余生，愿你洒脱做人，遇雨撑伞，无桥自渡！
媒体评年轻人不上课不上进只上香,14,4.88E+15,momohenecia,female,174,71,2023/3/23 8:47,0,0,7,浙江,中国,以为是哪家无聊媒体，原来是这个🐶东西，除了瞎逼逼还会啥
媒体评年轻人不上课不上进只上香,14,4.88E+15,金牛座的老马1992,male,79,5,2023/3/23 8:38,1,0,16,福建,中国,新京报属于是擦屁股都嫌侮辱屁股的那一类厕纸
媒体评年轻人不上课不上进只上香,14,4.88E+15,银幕学徒,male,141,1200,2023/3/23 8:09,0,0,4,内蒙古,中国,比起新京报的那篇文章，北京日报的相关点评更加合情合理，年轻人烧香拜佛的“佛系生活”与如今愈发快节奏的社会脱不了干系，越来越卷的社会让奋斗与努力的神话不再那么动人，大家也难以收获到与付出相匹配的回报，于是“躺平”“摆烂”实则是无奈之举，要想从源头上解决问题，光号召年轻人继续奋斗乃是舍本逐末，呼吁全社会重视这一问题共同改善这一现状才是最好的应对之法。 呼和浩特·内蒙古农业大学
媒体评年轻人不上课不上进只上香,14,4.88E+15,这简直不可理喻,female,113,13,2023/3/23 2:44,0,0,7,湖北,中国,你管老子上什么？马上清明了老子还要去上坟嘞🥱
媒体评年轻人不上课不上进只上香,14,4.88E+15,风入松awesome,female,440,111,2023/3/23 0:00,0,0,3,宁夏,中国,求一份工作，求五险一金
媒体评年轻人不上课不上进只上香,15,4.88E+15,小陆总s,female,318,11,2023/3/22 23:29,0,2,3,上海,中国,困死了所以语文大概率要当12篇课外做了 明天考完物理就解放！无敌期待秋韵杯！
媒体评年轻人不上课不上进只上香,15,4.88E+15,断刃何存,male,197,15,2023/3/22 23:18,1,3,2,上海,中国,很多时候发现既有方法行不通了，路是死的， 只能寄托于神学了；  如果真的有成功的方法论，为什么还会有这么多loser呢， 是做不到吗，还是试过输过。如果方法论时灵时不灵，就好像物理学不存在了；只能寄希望于神学了，
媒体评年轻人不上课不上进只上香,15,4.88E+15,支持拥护赞成,male,33,12,2023/3/22 22:42,0,0,1,湖北,中国,上香=不奋斗，就这逻辑水平还说那么一堆子，笑死个人
媒体评年轻人不上课不上进只上香,15,4.88E+15,Olivia-萌喵大人的微博,female,234,209,2023/3/22 22:27,0,0,7,河南,中国,"魏晋南北朝时,政治黑暗,时局动荡造成佛教大盛.魏晋南北朝三百余年,政权更换快速,篡弑频仍,故政治混乱,民不聊生;加上外族入侵,造成生灵涂炭,人民生活艰苦.普通百姓在现实生活既找不到出路,乃寄心於宗教,寻求心灵的慰藉。以史为镜。"
媒体评年轻人不上课不上进只上香,15,4.88E+15,wmumua,female,304,117,2023/3/22 22:24,0,1,2,河南,中国,周末复试 闺蜜帮我去上香
媒体评年轻人不上课不上进只上香,15,4.88E+15,离声短断客情,female,28,126,2023/3/22 22:22,0,0,0,新疆,中国,上小学的时候，就老听电视里面的人说：80后不行，咋地咋地，上中学的时候，报纸、贴吧、论坛又开始聊：90后扶不起来，但结果呢，80后和90后成了咱们国家目前的顶梁柱，是最重要的群体，不可否认的是80后和90后顶住了，没想到毕业了又看到：媒体评年轻人不上课不上进只上香
媒体评年轻人不上课不上进只上香,15,4.88E+15,小颖身材很哇塞,female,721,725,2023/3/22 21:13,0,0,3,江西,中国,你可知我是，只为父母身长健，只身千里拜灵山
媒体评年轻人不上课不上进只上香,16,4.88E+15,黄瓜碎,female,217,7,2023/3/22 20:20,0,0,3,重庆,中国,上香惹你了天天年轻人年轻人，老妖怪还没寄呢
媒体评年轻人不上课不上进只上香,16,4.88E+15,银河碎片nic,female,619,509,2023/3/22 20:18,0,1,1,山东,中国,说的就是咱们，两天进了三个寺庙@-HALFULL
媒体评年轻人不上课不上进只上香,16,4.88E+15,大鼻子象Kiwi,male,446,2226,2023/3/22 20:00,0,0,4,北京,中国,新京报成功地证明—— 比起烧香许愿祷告， 可能某些媒体的发言是更脱离现实的…
媒体评年轻人不上课不上进只上香,16,4.88E+15,六壬张白衣,male,125,5万,2023/3/22 19:46,0,0,1,河北,中国,不上进不上课只上香？我眼中这些“迷信”的年轻人，他们“不屈不挠、不慌不忙、不卑不亢、不骄不躁”。这么说吧，我客户群体中年轻人很多很多，比大部分人都优秀的也太多了。难道这就是新时代只上香不上进的年轻人？
媒体评年轻人不上课不上进只上香,16,4.88E+15,平视寰宇,male,1105,243,2023/3/22 19:33,0,0,0,日本,日本,上的又不是街，这不挺好的吗？
媒体评年轻人不上课不上进只上香,16,4.88E+15,爾爾Erl_,female,683,180,2023/3/22 18:59,0,2,1,上海,中国,我拜拜拜！！ 我还有鸡鸣寺没去呢！！
媒体评年轻人不上课不上进只上香,16,4.88E+15,香芋葡萄味棒冰,female,683,50,2023/3/22 18:54,0,0,0,山东,中国,现在的中国是开始要靠近韩国了吗，韩国阶级差距大邪教盛行，中国……开始佛教盛行……我也上香，保佑我发大财卍
媒体评年轻人不上课不上进只上香,16,4.88E+15,张灯结彩0211,female,445,26.7万,2023/3/22 18:51,1,1,5,湖北,中国,“南朝四百八十寺，多少楼台烟雨中”。乱世佛教盛行，现实无力改变，都是一个道理。读史使人明智。
媒体评年轻人不上课不上进只上香,17,4.88E+15,神木林森瑟弋火,male,424,184,2023/3/22 18:50,0,0,3,江苏,中国,媒体算什么东西有什么资格评论我。 你有张嘴就是随便评论别人的吗？  纱布
媒体评年轻人不上课不上进只上香,17,4.88E+15,白桦和白花在白画里白话,female,66,26,2023/3/22 18:41,0,0,1,湖北,中国,有的媒体大人啊 做神仙太久 诸多香火的雾 遮挡了探看人间的路 便再难见到凡人的苦
媒体评年轻人不上课不上进只上香,17,4.88E+15,会画漫画的机械师,male,242,64,2023/3/22 18:34,0,0,0,美国,美国,我只是为了将来某天把这些管理社会的无能的猪猡们弄死的无产阶级们提前上柱香，让他们至少在奔向黄泉路上时一帆风顺。
媒体评年轻人不上课不上进只上香,17,4.88E+15,把未来照亮,female,81,20,2023/3/22 18:32,0,0,4,河南,中国,啊对对对 遇到正事儿就哑巴 遇到热闹就喇叭📣还得是你
媒体评年轻人不上课不上进只上香,17,4.88E+15,用户6309714891,male,86,4,2023/3/22 18:24,0,0,0,广东,中国,关你什么事，什么档次，对我指指点点，年轻人评媒体人不找真相不找真实只找真贱
媒体评年轻人不上课不上进只上香,17,4.88E+15,没事去吃溜溜梅吧,female,576,204,2023/3/22 17:35,0,0,2,安徽,中国,佛啊，弟子可是顶着批评给您上香的，一定要保佑我啊🙏🙏🙏
媒体评年轻人不上课不上进只上香,17,4.88E+15,星球回信,female,1892,4626,2023/3/22 17:13,0,0,1,云南,中国,笑的想死 和楠姐出门旅游 三天里两天半都在烧香磕头
媒体评年轻人不上课不上进只上香,18,4.88E+15,L俱往矣J,male,1087,234,2023/3/22 17:11,0,0,0,广东,中国,谁都知道这是一个心灵的慰藉，为什么大家都去上香呢，证明当代年轻人焦虑你并不了解，某些媒体别每次都站在道德“最高点”和事不关己的角度去说问题！，
媒体评年轻人不上课不上进只上香,18,4.88E+15,好相处的乡下人小蓁,female,117,76,2023/3/22 17:10,0,0,0,广西,中国,常怀敬畏之心，方能行有所止！
媒体评年轻人不上课不上进只上香,18,4.88E+15,#NAME?,male,7,1,2023/3/22 17:00,0,0,1,山东,中国,怎么事，真就这么闲吗，这家伙上个香也得挨你批评。就上香，就许愿！
媒体评年轻人不上课不上进只上香,18,4.88E+15,有一个桔子_,female,9,6,2023/3/22 16:47,0,0,5,云南,中国,上个香就在这犯见，等我出家的时候是不是要太监。
媒体评年轻人不上课不上进只上香,18,4.88E+15,辣子鸡店老大,male,137,15,2023/3/22 16:15,0,0,0,重庆,中国,这个社会上绝大多数是把握不了自己命运的。这个你看看房地产就知道了。以前我去听讲座，有个退休的领导讲了半天政策制定。结束了我拿着几个现实问题去请教他，他就直接告诉我他不懂，他们这个年代的人也没机会懂。对很多50后60后的人来讲这才是真实的生活。所谓的努力可能就是人生中的一次高考。考上大学了，就业是分配的；工作了之后结婚了，再去等福利分房。连房子都是分的。你现在看到的很多国企的中层，当年进体制就是因为“子女顶替就业制度”。看名字就知道是他们父母在那个岗位，退休下来继续留个岗位给他。看房子最明显。绝大多数中国人家里最值钱最重要的财产就是他们的房子。开始的房子怎么来的？原来是分的房子，然后要搞商品房，补点钱就自有了。再是因为搞公积金制度，本来就分了房子，公积金只能用来买房。那么跟着买套房，现在就发财了。哪里和努力有关系？就是被安排到一个位置，在那个位置上做好自己的事情。很多的提升真的都是运气。这才是一个普通人标准的人生，哪里来的那么多可以把握的事情？所以这代人对高考这个东西有个执念，因为他们这辈子很多人唯一能谈得上努力拼搏的，似乎也只有高考了。认定教育改变命运本来就是一种无知。只是很多人的社会经验把这种无知合理化了。14-19年很多地方都是房价迅速上涨。我们去观察大学生就业就发现一件很有趣的事情。家庭条件差不多的人考上硕士的平均就是比没考上的资产低。原因很简单，本科毕业没考上硕士的早工作，所以早三年买房。如果教育他们比较，那么就是这三年他一辈子追不回来。同样是买房，家境差不多同一个地方出来的两个人，差三年，都在杭州工作。结果就是读硕士的那个买更差的房子还要比人家多背上80万的贷款。毕业起薪还没人家本科毕业第三年的高。将来就是打工，这80万贷款的差距换算到每个月，真就是他怎么努力都不会比人家过得好。这是真实的社会。只不过是后面硕士要扩招，所以这个现象就没给大家介绍。还是要强调读书会带来更多的机会，你看，你多读三年会不会多很多考上公务员的机会啊？你说你今年毕业，公务员竞争太激烈，没考上，觉得三年浪费了。怎么办啊？唯一能做的就是安慰你下读书是自我实现。你上了三年网课，总算是有点收获的。就是很真诚的把握不了。就像，就是因为这些年轻人和绝大多数普通人一样，没办法把握自己的命运。你给别人画个大饼，说努力就有收获，考上好大学就有好前途。人家真做到了，可是结果就是没有，你负责吗？道理就那么简单。大饼不能乱画的。遇到低增速的年代，谈谈怎么“自我实现”才是一条正路。
媒体评年轻人不上课不上进只上香,19,4.88E+15,叛变全宇宙,female,263,65,2023/3/22 15:52,0,0,6,北京,中国,我真的不想说太难听的 但是，不上香去给你上坟吗？ Yue 了
媒体评年轻人不上课不上进只上香,19,4.88E+15,红豆派piepie,female,381,463,2023/3/22 15:39,0,0,0,辽宁,中国,上课上进不如上香呢。。。。。。
媒体评年轻人不上课不上进只上香,19,4.88E+15,太阳系第17号星体Cookie,female,154,119,2023/3/22 15:36,0,1,2,福建,中国,大学生的事少管  别天天给中老年龄层当儿子就以为可以给年轻人当爹了  言外之意：不上课不上进不来工作当孙子 爹们可要怎么活啊
媒体评年轻人不上课不上进只上香,19,4.88E+15,#NAME?,female,1132,287,2023/3/22 15:32,0,4,6,江苏,中国,我不仅上香我还不结婚不生孩子你管得着吗
媒体评年轻人不上课不上进只上香,19,4.88E+15,热爱春秋的咸鱼_,female,216,192,2023/3/22 15:31,0,0,0,广东,中国,站好你的街，少来管你爹带头网暴的无良媒体
媒体评年轻人不上课不上进只上香,19,4.88E+15,玫瑰藏在谁身后,female,80,27,2023/3/22 15:27,0,1,5,山东,中国,佛祖，这有个二百五骂我我一片丹心求你的呀我三个响头可是排队磕的呀佛祖
媒体评年轻人不上课不上进只上香,19,4.88E+15,马若夕吖,male,95,4189,2023/3/22 14:49,2,2,3,广东,中国,年轻人不上课不上进只上香因为年轻人无法释放压力，网络上说点话，不是限流，就有可能去喝茶，家庭无法释放、社会上无法释放。同时各个方面的压力越来越大，找工作困难，买房买车困难，催婚困难。一口气逼在心里无法释放，解压就必须存在，如果没有合适的方式释放出来，必然会出现心理疾病。所以需要一个方式放出来。在商言商，那么作为营销人，怎么赚钱呢？* 穿戴类：转运珠、转运手串；* 香氛类：香薰、精油、精油香薰；* 知识付费类：冥想、解压音乐；* 玩具：积木、解压玩具；上面这些都是可以挣到钱的品类，其实去年我讲了好多次，我群内有一个姐妹实践了，赚到了30W+，太厉害了。
媒体评年轻人不上课不上进只上香,20,4.88E+15,不要动不动就321,female,590,80,2023/3/22 14:37,0,0,2,湖南,中国,佛祖您看见了吧  不庇佑他们可要庇佑我们年轻人哦🙏🙏🙏🙏
媒体评年轻人不上课不上进只上香,20,4.88E+15,狗泽一米八,male,218,65,2023/3/22 14:04,0,3,4,广东,中国,批判上香不问为什么上香，年轻人砂你资本家的妈了是，年轻人就不能求个万事顺意身体健康？
媒体评年轻人不上课不上进只上香,20,4.88E+15,岭南阿海哥,male,98,271,2023/3/22 14:02,0,2,2,北京,中国,一会批评年轻人脱不下长衫，一会批评年轻人熬夜，现在又批评年轻人去拜佛。反正年轻人就是一个出气筒，他们无权无势，谁都可以对他们指指点点一番。  年轻人到底惹谁了？咋横竖看他们不顺眼呢？  烧香拜佛又不是年轻人发明的，难道他们不是跟老东西学的？
媒体评年轻人不上课不上进只上香,20,4.88E+15,可爱的小笼包薇姐姐,female,206,53,2023/3/22 14:02,0,0,0,福建,中国,要你说？是我爹妈嘛？天天评评评的。上香也不让？那给你上fen？还是你吃醋没给你贡献点香油💰？
媒体评年轻人不上课不上进只上香,20,4.88E+15,西瓜椰椰jasmine,female,328,86,2023/3/22 13:58,0,0,6,广东,中国,乱世香火旺，盛世却平庸。  南北朝香火就很盛
媒体评年轻人不上课不上进只上香,20,4.88E+15,零度时评,female,81,58.3万,2023/3/22 13:42,2,3,3,贵州,中国,【 ： 生活和期许不相悖 提供助力让青春无悔】年轻人“不上课不上进只上香”，这种声音让网友坐不住了！有数据显示，今年2月来，预定寺庙景区门票的人群，年轻人占比近一半。有人对此现象觉得忧心，害怕年轻人消极避世。其实，这并不是突然的迷信，而是一种对美好生活的期许，也能从一定程度转移焦虑！当今年轻人生活节奏快、工作压力大、不确定性高，面对各种困扰，难免会手足无措。这时候的期许合情合理，不至于到上纲上线的大问题。认真生活和心中期许其实并不相悖，去上香的年轻人，他们也在努力，也在为生活奔波，他们只是需要找个地方宣泄压力，也知道生活还需靠自身努力。与其一味批驳表象，不如深挖背后真相，看看年轻人到底想要什么。想改变这样的现状，不光要靠自身努力，还需社会提供助力。关注年轻人所思所想、所忧所盼，提供丰富的舞台，给他们施展的空间。奋斗是青春的底色，多方助力才能为梦想配合！忧心年轻人上香，不如关心他们在求什么
媒体评年轻人不上课不上进只上香,20,4.88E+15,红色背心的你-,female,41,68,2023/3/22 13:37,0,0,0,河南,中国,少评价年轻人 年轻人发疯都是被你们这群人逼出来的 真拿年轻人当驴了？ 我不光烧香 我还烧你家
媒体评年轻人不上课不上进只上香,20,4.88E+15,冤种才上逼班,female,180,52,2023/3/22 13:35,0,2,5,安徽,中国,为啥没有人批判一下中老年人 《为什么中老年人拿着高额退休金》 《为什么中老年人观念仍然落后》 《中老年人究竟该不该催婚》 气抖冷，中老年人不配被关注怎么？
媒体评年轻人不上课不上进只上香,20,4.88E+15,白启kii,male,141,155,2023/3/22 13:22,0,2,7,天津,中国,我想干嘛干嘛，一天到晚屁事不干天天点评这个点评那个，我给你两耳光要不然你还不分大小王了？
媒体评年轻人不上课不上进只上香,21,4.88E+15,爽崽超甜哎,female,1416,2.3万,2023/3/22 11:01,0,0,19,广东,中国,年轻人 评：你下基层过吗？你求真过吗？你调研过吗？？？别人做什么，关你啥事？管天管地还管人上香？
媒体评年轻人不上课不上进只上香,21,4.88E+15,不讲究不将就31904,male,455,35,2023/3/22 12:47,0,0,2,广东,中国,那是有人画大饼，有人真信了，开始给这些人画大饼的人做大饼。做大饼没吃成被这些画大饼的人给吃了。吃不下去了赏给做大饼一口饭吃。做大饼的还得感谢画大饼的人，没让他们饿肚子。做大饼的还没地方说理去，只好去寺庙烧香拜佛。
媒体评年轻人不上课不上进只上香,21,4.88E+15,肉里不羼芡粉,female,459,1,2023/3/22 12:40,0,0,2,广东,中国,原来“媒体”是新京报，那就不奇怪了。
媒体评年轻人不上课不上进只上香,21,4.88E+15,-停灯向晓-,female,20,20,2023/3/22 12:12,0,0,1,河南,中国,嗯嗯嗯下次去时候给你捎带上柱香
媒体评年轻人不上课不上进只上香,21,4.88E+15,坐井边观天,male,237,262,2023/3/22 12:09,0,1,5,安徽,中国,他们上香求什么？求的就是上进啊，不上进的人连香都不上的啊
媒体评年轻人不上课不上进只上香,21,4.88E+15,PKB404,male,563,89,2023/3/22 12:05,0,0,4,湖北,中国,年轻人不上课不上进只*某些媒体人的妈  卡宴 护栏护栏护栏护栏护栏护栏 保时捷→→→                   ←←工人拉货
媒体评年轻人不上课不上进只上香,21,4.88E+15,栖夜每天都很困,female,77,18,2023/3/22 11:57,0,0,1,内蒙古,中国,新京报啊我当是哪个媒体呢，这就不奇怪了，它家的正常操作，都散了吧没意思
媒体评年轻人不上课不上进只上香,21,4.88E+15,fiberxixili,female,4805,21,2023/3/22 11:42,0,0,0,广东,中国,现在是连人的精神寄托都要剥夺了吗？
媒体评年轻人不上课不上进只上香,22,4.88E+15,我先出家了呃呃呃呃呃,female,339,771,2023/3/22 11:25,0,0,4,上海,中国,我还在想哪个离谱的媒体，一看，新京报，哦，怪不得。新京报不是之前就一直被骂为了流量炒作无底线的营销号吗怎么突然就变成了体制内的报纸，我满头问号
媒体评年轻人不上课不上进只上香,22,4.88E+15,南萧竹,male,78,264,2023/3/22 11:24,0,1,5,山东,中国,【2023.03.22】  其实有很多东西我们可以从历史中找到答案 比如： 南北朝时期佛教盛行的原因
媒体评年轻人不上课不上进只上香,22,4.88E+15,2020kkll,female,551,92,2023/3/22 11:21,0,0,0,河北,中国,别天天说年轻人这年轻人那了，我要生气了，真的很烦，本来生活烦恼就很多，上网娱乐一下还要被说我也想去拜拜了，主要是靠自己的力量真的找不到合适工作哇😭
媒体评年轻人不上课不上进只上香,22,4.88E+15,Akrina_莉莉,male,233,1,2023/3/22 11:15,0,0,3,江苏,中国,少听专家介意，少听官媒放屁。
媒体评年轻人不上课不上进只上香,22,4.88E+15,分散紫HFRL,male,109,32,2023/3/22 11:15,0,0,1,浙江,中国,国内的媒体连国足都比你强，别在这里bbb了
媒体评年轻人不上课不上进只上香,22,4.88E+15,俗人南小笙,male,692,276,2023/3/22 10:55,0,1,0,陕西,中国,我觉得还是需要以阶级斗争为纲，年轻人太累了
媒体评年轻人不上课不上进只上香,22,4.88E+15,朝有猫夕死可矣,female,349,26,2023/3/22 9:57,0,0,0,江苏,中国,佛珠手上带 唐卡胸前挂 禅衣穿上身 睡前听心经，阿弥陀佛🙏🏻
媒体评年轻人不上课不上进只上香,23,4.88E+15,Planet鱼仔,female,541,160,2023/3/22 9:55,0,0,9,广东,中国,关你屁事啊，是烧香拜佛又不是给你烧
媒体评年轻人不上课不上进只上香,23,4.88E+15,橘子不熟酸又甜,female,161,80,2023/3/22 9:52,0,0,5,四川,中国,关你屁事，管你工人奶奶干嘛
媒体评年轻人不上课不上进只上香,23,4.88E+15,木央LIy,female,737,101,2023/3/22 9:50,0,0,2,广东,中国,北京日报那篇好像写得没什么问题？
媒体评年轻人不上课不上进只上香,23,4.88E+15,笑顏兒,male,53,318,2023/3/22 9:43,0,0,0,江西,中国,没人拜神父吗？他快失业了
媒体评年轻人不上课不上进只上香,23,4.88E+15,76草莓甜酒,female,461,685,2023/3/22 9:41,0,0,0,上海,中国,少管我！！！！！！！！！！
媒体评年轻人不上课不上进只上香,23,4.88E+15,丧丧的吐槽鬼,female,1683,252,2023/3/22 9:09,0,0,1,湖南,中国,只是找个寄托，缓解压力焦虑罢了，没必要上纲上线
媒体评年轻人不上课不上进只上香,23,4.88E+15,#NAME?,female,378,168,2023/3/22 8:59,0,0,0,重庆,中国,上进和上香不能同时进行吗？不允许努力的人信信这些嗖
媒体评年轻人不上课不上进只上香,23,4.88E+15,汉堡大王啊,male,295,142,2023/3/22 8:33,0,0,0,美国,美国,看到这些不说人话的现在一个个都成了被网暴对象，我可真是太开心了
为什么寺庙旅游突然火了,2,4.89E+15,绿都三明,male,382,27.4万,2023/4/10 17:13,0,0,2,福建,中国,在上学和上班之间，这届年轻人选择了到古溪星河...据携程的数据显示，今年2月以来，寺庙类景区订单同比增长超300%，90后、00后占比接近50%。如果你不想人挤人，这个小众又富有特色的寺庙，你千万不能错过！或许一时热潮有所起落，但奔跑的人们永远不会放弃奔赴希望！
为什么寺庙旅游突然火了,2,4.89E+15,香菜好次_,female,115,38,2023/4/9 17:15,0,0,0,江苏,中国,可是我去的是寺庙耶_
为什么寺庙旅游突然火了,2,4.89E+15,商业评论,male,2768,117.9万,2023/4/4 23:05,0,0,4,浙江,中国,【2023年，我决定去寺庙度个假】“清明时节雨纷纷，我去寺庙里蹲蹲”，这是当下许多年轻人的心声。携程数据显示，今年以来寺庙相关景区门票订单量同比增长310%，年轻人占了大半。除了寺庙游外，年轻人还在以各种方式感受寺庙氛围感：一杯寺庙咖啡、一餐素斋、一串念珠……曾经不入年轻人法眼的寺庙如今却让打工族趋之若鹜。寺庙凭什么吸引年轻人？年轻人又带来了哪些新商机？  2023年，我决定去寺庙度个假  2023年，我决定去寺庙度个假
为什么寺庙旅游突然火了,2,4.89E+15,哎呀菌,female,431,568,2023/4/2 23:17,0,0,0,湖南,中国,按头安利大师的抖音号，人间清醒本醒，尤其是心累到喘不过气时，释怀
为什么寺庙旅游突然火了,3,4.89E+15,艾特不到的来来来,male,74,95,2023/3/31 23:29,0,0,0,浙江,中国,努力在人山人海的法喜寺找角落拍照📷 【莫向外求】  杭州·法喜寺(上天竺)
为什么寺庙旅游突然火了,3,4.89E+15,羊咩咩咩酱,female,439,202,2023/3/31 22:42,0,0,1,湖北,中国,今年从重庆到杭州 跑了不少寺庙 从罗汉寺到慈禅寺灵隐寺法喜寺 上了很多次香 求了签 求了符 求了十八籽 看到了五百年的玉兰花树开花 闻着寺庙里的檀香味 就会觉得很安心 短暂摆脱了很多烦恼
为什么寺庙旅游突然火了,3,4.89E+15,半天空半边飞_363,female,140,67,2023/3/31 20:50,0,0,0,广东,中国,佛曰，不可说。世事难料，无为而行；任重道远，有为且行。走得远了，慢慢就发觉累了，想卸下了。到安静的地方去，听清自己的心声。清苦的日子里，浅浅满足便是满心欢喜。人生是一场修行，为何寺庙不能是站点?禅修的旅行不需理由，想得开就好。
为什么寺庙旅游突然火了,3,4.89E+15,拾八月August_SHI,female,933,2359,2023/3/30 17:15,2,0,4,北京,中国,我在寺庙里写手帐师父泡茶给我们喝开启解惑时刻还抄写了佛经师傅说：佛系不是躺平，是努力后不计较得失。手帐手帐分享
为什么寺庙旅游突然火了,3,4.88E+15,文摇摇摇摇,male,795,29.2万,2023/3/30 13:57,4,1,5,浙江,中国,佛系青年2.0，你中了几招？
为什么寺庙旅游突然火了,3,4.88E+15,乐游广东,male,1982,88.6万,2023/3/28 16:45,11,5,12,广东,中国,心浮气躁的时，在黄墙灰瓦之间，接受一次钟声的洗礼吧。  📍深圳·弘法寺  Via
为什么寺庙旅游突然火了,4,4.88E+15,Hsuphotograph,male,155,154,2023/3/27 21:26,0,0,3,四川,中国,突然记起了微博密码
为什么寺庙旅游突然火了,4,4.88E+15,中国经营报,male,1282,2541.1万,2023/3/25 12:20,1,0,3,北京,中国,【“寺庙咖啡”热背后：制造消费新场景】 今年开春以来，寺庙旅游流行起来，寺庙正成为新一代消费者的打卡胜地。来自携程的数据显示，今年2月以来，预订寺庙景区门票的人群中，90后、00后占比接近50%。寺庙中的咖啡馆更是火爆，北京潭柘寺和浙江杭州永福寺、台州龙兴寺等都吸引了如潮水般涌来打卡的年轻人。近日，业内出现一种声音：年轻人不要把希望寄托在神佛之上，奋斗才是硬道理。但不久后，也有媒体指出，这一现象释放了旅游行业复苏的信号，年轻人一边热衷寺庙游一边奋斗，亦带动了寺庙的文创产业。本报记者 黎竹 刘旺 杭州报道   “寺庙咖啡”热背后：制造消费新场景
为什么寺庙旅游突然火了,4,4.88E+15,悠然文案课,female,1116,7.9万,2023/3/25 11:35,0,2,5,安徽,中国,普通人做生意，起点是私域，但面临的第一道坎就是，从盯着身边的几个人，到把陌生人转化成客户。盯着身边的几个人，一开始是开启生意的机会，就是有成交；但也给了普通人自嗨的机会，因为此时的成交，并不是你成交能力的体现，更大可能是你以往做人做事的结果。但时间一长，这种做人做事的结果，随着你的产品卖出，如果没有新的价值输出，生意的可能性，会逐渐递减，或者断崖式下滑。所以，一开始既要服务好身边的人，更要去找陌生人，这是做生意的打开方式。但陌生人成交，一开始是吸引，但决定能不能成交的一定是信任和价值。大多数人，卡在了信任，解决信任最好的方式——个人品牌，没有之一。我们今年会做10多个行业的个人IP，帮助不同领域精细化运营个人品牌，做流量做转化，解除信任、价值链接、助力成交、提升影响力和业绩。
为什么寺庙旅游突然火了,4,4.88E+15,三铜钱先生,male,66,23万,2023/3/24 11:07,3,1,16,上海,中国,王菲家里有佛堂，陈坤和周迅一年在往返西藏的寺庙好几次，明星里信佛的人也有许多，命里只要有华盖跟佛都有缘份的。最近去寺庙拜佛的人同比超过310%，寺庙门口排长队了，去寺庙拜佛的人剧增，说明了人们的一种心态，一种信仰。00后的人也很相信因果。社会的压力太大太卷，不管是工作还是学习，人们希望有一种心灵寄托，许多人来我这看自己的三生石，都说跟你对话就像跟佛在对话，特别让人舒服，以前想不通的问题一下子就想通了。信仰成为一种普遍现象。     三铜钱佛教语录
为什么寺庙旅游突然火了,5,4.88E+15,黃金忙內愛我,female,366,4,2023/3/23 13:13,0,0,0,台湾,中国,讓人淨化心靈的旅遊跟看一博一樣 平靜
为什么寺庙旅游突然火了,6,4.88E+15,女乃古月_Luna,female,526,33,2023/3/22 22:18,0,0,0,福建,中国,去寺庙是去散散心的 因为平时乱七八糟的烦心事太多 心情不好就去安静的寺庙 漫无目的乱逛 寺庙里绿化很好 空气也清新 看看那些庄严的佛像 闻着焚香的味道 又会觉得那些事好像都没什么大不了 内心就会平静下来 算是整理自己的一种方法
为什么寺庙旅游突然火了,6,4.88E+15,廿书教育张张老师,male,12,19,2023/3/22 21:44,0,0,1,山东,中国,山东专升本  当你把一本书一套题啃透的时候，你就已经站在本科的门前了。这是20级学长学姐们的现状，而21级的准本科生们，你准备好升本了
为什么寺庙旅游突然火了,7,4.88E+15,知书达理的妖艳少女,female,87,382,2023/3/22 19:41,0,2,2,广东,中国,所以全国哪个寺庙灵验？ 不求名利但求佛缘
为什么寺庙旅游突然火了,7,4.88E+15,又见_吾心,male,69,129,2023/3/22 19:36,0,0,0,四川,中国,我觉得是教育水平的提升速度赶不上社会变化速度的结果。年轻人学到的东西，掌握的技能，不足以应付社会变化带来的压力，上香求佛何尝又不是很好的解压方式呢？
为什么寺庙旅游突然火了,8,4.88E+15,呐比落在哪,female,337,20,2023/3/22 19:11,0,0,1,浙江,中国,你们老钟自己想想吧。。荒谬。。
为什么寺庙旅游突然火了,8,4.88E+15,馬皢尙,male,111,6337,2023/3/22 18:56,1,3,7,广东,中国,通胀的最终结果，很可能是战争！当那么多年轻人找不到工作的时候，上战场也许是一个很好的办法。
为什么寺庙旅游突然火了,8,4.88E+15,xing空下的yue光123,female,1155,134,2023/3/22 18:53,0,0,0,安徽,中国,我们清除人类灭绝的一切威胁，唯独忘了自相残杀的天性！
为什么寺庙旅游突然火了,8,4.88E+15,一辈子的诗情画意,female,230,2048,2023/3/22 18:06,0,0,3,四川,中国,认真评论一下这条tag。 Selfobject needs，是一种精神氧气，毕生所需。也是与虚无相对抗的唯一力量，越是到生命后半程，越是重要。
为什么寺庙旅游突然火了,9,4.88E+15,9527在微博的昵称,male,142,15,2023/3/22 16:34,0,0,2,广东,中国,恰似前段时间看过的《悉达多》一样有了新生活日常。来到了这个烟雾缭绕的三洲田山顶⛰️，能每天看到四面观音，是一种充满佛缘的旅程。在四面山顶扫清落叶🍂是日常的生活  。感受高海拔的起居，摆脱了备考期间低卡路里生活：每日斋饭，清洁寺庙，准备菩萨供奉，临写《般若波罗蜜心经》，貌似重复的日子里感受到佛缘生活，这也是义工脱离日常打工的另一种生活方式。 深圳·大华兴寺
为什么寺庙旅游突然火了,9,4.88E+15,不必不说话hh,female,119,5,2023/3/22 16:21,0,0,0,湖南,中国,大概需要有个慰藉心灵的安静场所吧，越绝望，越需要信仰
为什么寺庙旅游突然火了,9,4.88E+15,浙江衢州消防,male,234,11.8万,2023/3/22 16:08,0,0,0,浙江,中国,【寺庙古建筑需做到“防火于未燃】寺庙多为木石结构，耐火等级低，火灾荷载较大，扑救困难。一旦发生火灾，火势较难控制，极易造成难以挽回的影响和损失。为保护传统文化，应做到“防火于未燃”。
为什么寺庙旅游突然火了,9,4.88E+15,摸鱼日常吧,female,199,10.4万,2023/3/22 15:21,0,0,1,广东,中国,寺庙旅游之所以近年来变得越来越受欢迎，可能与以下几个因素有关：文化旅游热潮：在人们越来越关注自身的文化认同和历史传承的背景下，寺庙作为历史文化的重要载体，逐渐成为了文化旅游的重要组成部分。心灵疗愈需求：在快节奏的现代生活中，人们越来越追求内心的宁静和平静，寺庙作为寻求心灵疗愈的场所，受到了越来越多人的青睐。生活方式转变：随着人们的生活水平提高和生活方式的改变，越来越多的人开始关注健康、休闲和度假，寺庙旅游作为一种健康、养生、休闲度假的方式，也逐渐被人们接受和追捧。旅游业的发展：随着旅游业的快速发展和旅游目的地的多样化，寺庙旅游逐渐被旅游业界看作是具有发展潜力的新兴旅游市场，也受到了政府和旅游业的大力扶持和推广。
为什么寺庙旅游突然火了,10,4.88E+15,WAVESEEL,female,20,7,2023/3/22 15:08,0,1,0,北京,中国,因为我们都佛了
为什么寺庙旅游突然火了,10,4.88E+15,风筝在东南,male,860,584,2023/3/22 14:49,0,0,0,浙江,中国,无法掌控自我生活，只能求助于神灵。 以前是 40 而不惑，如今 60 还迷糊，更何况年轻人。
为什么寺庙旅游突然火了,10,4.88E+15,萌萌哒的小猪猪,female,115,131,2023/3/22 14:49,0,0,0,青海,中国,哪有那么多为什么，就是想给自己心里安慰罢了，毕竟不想谈恋爱，只想搞钱
为什么寺庙旅游突然火了,10,4.88E+15,用户3264483283,male,84,4948,2023/3/22 14:19,0,0,0,辽宁,中国,年轻人喜欢去寺庙，一方面与大环境有关。在生活和工作压力都比较大的时候，人自然会寻求心灵寄托；另一方面，也与传统文化复兴有关，传统生活方式中有很多能与现代融合的要素-比如网红打卡、健康饮食、茶道咖啡、周边文化饰品等等
为什么寺庙旅游突然火了,10,4.88E+15,莫依非,female,309,2639,2023/3/22 14:02,0,0,1,河南,中国,因为 活着靠自己 没有希望了...  求求别的神力， 也许有别的可能呢?
为什么寺庙旅游突然火了,11,4.88E+15,程唐的银杏叶,female,1,115,2023/3/22 13:01,0,0,0,广东,中国,阿弥陀佛🙏广积功德🙏 祈愿：世界和平，平安喜乐🙏🙏🙏 深圳·弘法寺-斋堂
为什么寺庙旅游突然火了,11,4.88E+15,巧巧20102018,female,237,130,2023/3/22 12:42,0,1,0,上海,中国,随手拍 上海
为什么寺庙旅游突然火了,11,4.88E+15,醉向红窗莫及落花,male,116,18,2023/3/22 12:16,0,0,0,上海,中国,安静，清心，虔诚，不知不觉也去过好多寺庙旅行了
为什么寺庙旅游突然火了,12,4.88E+15,月芽说,female,154,38,2023/3/22 11:32,0,0,1,广西,中国,寺庙有一种能让人安静的力量，年轻人工作不顺利、感情受挫、健康不佳，在神明前许愿，也是一种寄托。生活中的苦无处不在，诸多不易，求而不得，自己又无能为力，只有寺庙能带来些许宁静、和平、喜悦。寺庙里的各种法物也开始火了，甚至出现了一串难求的情况。还有不些不良商家，打着寺庙的旗号，售卖盗版法物。请寺庙里的法物，内心的期许是希望能护佑自己，相当于给寺庙添了香油钱。并且现在寺庙里各种法物做得很时尚，当做饰品也很不错。人是活物，有思想、有情感，必然有各种各样的欲望。在忙忙碌碌，卷了又卷的日子里，很多人逐渐迷失自己，找不到心的方向。寺庙成了缓解压力、放松自己的出口。许愿之后，希望能不避迷茫，不拒彷徨，勇敢地向前。
为什么寺庙旅游突然火了,12,4.88E+15,毛栗子每天都好困啊喂,female,507,383,2023/3/22 11:26,0,1,0,安徽,中国,笑发财了，昨天刚说看到什么什么寺想去看一下
为什么寺庙旅游突然火了,12,4.88E+15,脸怎么那么红,female,288,48,2023/3/22 11:21,0,0,0,河南,中国,年轻人都明白靠上香是改变不了现实的，只是求个心理慰藉，在压力这么大的情况下，上个香逃避一下现实有错吗？ 你们只看了年轻人上香，年轻人在背后的努力你们却看不到 还说年轻人不上进。年轻人只是在寻求心理慰藉仅此而已，不要过分解读
为什么寺庙旅游突然火了,12,4.88E+15,破孩子不要哭,female,164,135,2023/3/22 11:12,1,0,1,浙江,中国,传统的建筑能烦躁的内心获得宁静
为什么寺庙旅游突然火了,12,4.88E+15,书虫清溢,male,25,11,2023/3/22 10:59,0,0,0,江西,中国,言情小说求bg唐文  我想要哪种都市文，虐的死去活来，让人哭的稀里哗啦的 那种。求求求求！！狗血的就更好了，什么女二上位之类 的求！！
为什么寺庙旅游突然火了,13,4.88E+15,智也观,male,54,8,2023/3/22 10:19,0,0,0,北京,中国,有的人之所以迷信，求神拜佛，迷信风水， 就是因为对自己命运的不确定性充满恐惧…
为什么寺庙旅游突然火了,13,4.88E+15,e格格-金鑫,female,370,31.9万,2023/3/22 9:47,0,0,0,吉林,中国,从旅行的角度来说，还是挺喜欢去转转的。相对安静和虔诚的氛围感可以让人静心和放松，也难得能够在那样的氛围听听真实的声音……
为什么寺庙旅游突然火了,14,4.88E+15,金银妤洁luna,female,157,374,2023/3/22 9:10,0,0,0,广东,中国,因为有人干了几十年，没有一个家，还跟家人常年不能相聚。不健康的外食，身体也垮了。要啥没啥，大家还干它毛。一个人的青春就送给各种变相的资本家。
为什么寺庙旅游突然火了,14,4.88E+15,树荫下的18度,female,254,478,2023/3/22 8:47,0,0,0,安徽,中国,确实，一不小心就去了
为什么寺庙旅游突然火了,14,4.88E+15,天线小紫Ly,male,322,129,2023/3/22 8:39,0,0,0,江苏,中国,当然啦 起码我上香不用每天上13个小时 但上班用
为什么寺庙旅游突然火了,14,4.88E+15,叮铃蘑小菇,female,854,113,2023/3/22 8:37,0,0,2,山东,中国,这年代，老板画的饼，确实不如给菩萨许的愿来的灵
为什么寺庙旅游突然火了,15,4.88E+15,杭房霞姐,female,135,293,2023/3/22 8:03,1,0,0,浙江,中国,我觉得年轻人去去寺庙挺好的，毕业找不到好工作、房价也贵，哪里都需要钱，却怎么也赚不到钱，生活很难，日子很苦，又找不到办法解决，焦虑弥漫着，被社会的洪流影响着、携裹着往前走，去寺庙可以让心静下来，慢下来，专注于心，专注于行，专注于每天进步一点点，这样就不焦虑了。
为什么寺庙旅游突然火了,15,4.88E+15,用户7777786088,female,53,1,2023/3/22 6:04,0,0,0,湖北,中国,有太多的我信你个鬼得到了净化，所以就寺庙就火了。这不是挺正面的吗。又想逼逼啥呢
为什么寺庙旅游突然火了,15,4.88E+15,年年plog,female,18371,23.9万,2023/3/22 3:25,0,0,1,河北,中国,心软和不好意思只会殺死自己。  理性的薄情和无情才是生存利器。
为什么寺庙旅游突然火了,16,4.88E+15,沙棠-电影院老院长吧,female,2240,1.6万,2023/3/22 1:19,0,0,4,北京,中国,句句不谈薪资，条条不离奉献，桩桩不谈好处，事事皆讲境界 ，动不动就让你要有格局，动不动就画饼
为什么寺庙旅游突然火了,16,4.88E+15,雾散故人归不归_,female,421,72,2023/3/22 0:44,0,0,0,浙江,中国,可别随便拜庙子，谁知道里面供了什么鬼也许会在多年以后突然被挖出来把你身败名裂呢～
为什么寺庙旅游突然火了,16,4.88E+15,孟婆再来十杯奶茶,female,172,201,2023/3/22 0:39,0,0,0,广东,中国,重新定义“佛系”
为什么寺庙旅游突然火了,16,4.88E+15,DanielYuan-,male,443,7682,2023/3/22 0:37,0,0,2,陕西,中国,我常常去寺院，脱离世俗的片刻让我内心宁静，但我很少拜，我觉的拜之前应该做到的是修。在寺院看到很多人，甚至很多年轻人，你能看到这些人是两种状态，一个是信，一个是求，信的人他日常中就在修行，他反而不必去求，而求的人，他未必就是信，如果信也不会临时抱佛脚。
为什么寺庙旅游突然火了,16,4.88E+15,36氪,male,945,347.5万,2023/3/22 0:00,0,3,6,北京,中国,你相信玄学吗，为此都做过什么？
为什么寺庙旅游突然火了,17,4.88E+15,一喝就多还吹牛,male,65,23,2023/3/21 23:33,0,0,0,江苏,中国,巧了，周末去的 灵隐寺的十八子
为什么寺庙旅游突然火了,17,4.88E+15,法之小熊,female,220,2,2023/3/21 23:27,0,0,0,陕西,中国,劝人向善是好事
为什么寺庙旅游突然火了,17,4.88E+15,z清宸,female,244,53,2023/3/21 23:15,0,0,0,北京,中国,加油！ 一定可以的！
为什么寺庙旅游突然火了,18,4.88E+15,小花的微光,female,97,88,2023/3/21 23:11,0,0,0,江苏,中国,嗯嗯不仅去寺庙了，还拜了财神，还求了签，还买了白玉菩提保平安，还拿了一张招财进宝符，所以怎么了呢
为什么寺庙旅游突然火了,18,4.88E+15,用户7738116615,male,1,1,2023/3/21 23:05,0,0,1,河北,中国,不过是看开了一些东西，适当降低了自己的欲望罢了。在内耗与外耗中头破血流后选择了与平凡和平共处，难道非要在大学毕业后因找不到“好一点”的工作而抱怨当初，在大学与社会之间选择了前者？在读研读博后因去不到“理想一点”的岗位而悔恨当初，在读研读博与就业之间选择了后者？当你正视自己的欲望后就会发现，生活是自己的，过程与结果也是自己选的，管别人怎么说呢？！
为什么寺庙旅游突然火了,18,4.88E+15,汀瑞嘉,female,53,45,2023/3/21 23:04,0,0,0,湖南,中国,天意，凡人莫猜
为什么寺庙旅游突然火了,18,4.88E+15,可乐啦可乐,female,578,42,2023/3/21 23:00,0,0,4,云南,中国,月老庙前我理都不理，财神殿里我长跪不起。
为什么寺庙旅游突然火了,18,4.88E+15,wjshdhxbnm,female,65,42,2023/3/21 22:57,0,0,1,四川,中国,今年已经去过三座寺庙叻
为什么寺庙旅游突然火了,18,4.88E+15,狐团,female,266,375,2023/3/21 22:57,0,0,1,河南,中国,未知苦处，不信神佛
为什么寺庙旅游突然火了,18,4.88E+15,仙女也会嘴脏,male,124,6,2023/3/21 22:56,0,0,1,广东,中国,武汉归元寺上香➕1，遇见寺庙高低我得进去拜拜
为什么寺庙旅游突然火了,19,4.88E+15,仙女也会嘴脏,male,124,6,2023/3/21 22:54,0,0,0,广东,中国,因为求人不如求佛，没人靠得住不如不靠
为什么寺庙旅游突然火了,19,4.88E+15,小江的balance,female,396,76,2023/3/21 22:54,0,0,3,河南,中国,前两个星期刚去了灵隐寺和西园戒幢律寺，心静了许多，也缓解我的精神内耗，整个人的状态慢慢放松平静了，不过求财是肯定的喽
为什么寺庙旅游突然火了,19,4.88E+15,多喝茶水-,male,1860,159,2023/3/21 22:53,0,0,0,湖南,中国,什么时候不火过，你以为少林寺的土地凭空来的吗
为什么寺庙旅游突然火了,20,4.88E+15,保佑一切都会好起来,male,136,43,2023/3/21 22:44,0,0,2,天津,中国,因为过得都不好
为什么寺庙旅游突然火了,20,4.88E+15,吃瓜小居家,female,303,3,2023/3/21 22:41,0,0,0,湖北,中国,咱上班卷生卷死还不能找到心灵寄托了？不然该去火葬场而不是寺庙了
为什么寺庙旅游突然火了,20,4.88E+15,悦兮的晴天娃娃,female,192,8,2023/3/21 22:40,1,1,9,湖南,中国,因为  卷又卷不赢，躺又躺不平，不如做法。单身的尽头不是相亲，是拜佛
为什么寺庙旅游突然火了,20,4.88E+15,凌姗姗呀_,female,1585,377,2023/3/21 22:39,0,0,0,广东,中国,人总要相信点儿什么吧 灵隐寺真的很值得去
为什么寺庙旅游突然火了,20,4.88E+15,某只波波牛,female,407,111,2023/3/21 22:33,0,0,0,山东,中国,1月普陀山，千佛山，二月雍和宫，三月天后庙，北极阁，二郎庙。不是在上香，就是在上香的路上
为什么寺庙旅游突然火了,20,4.88E+15,柚子很甜727,female,80,19,2023/3/21 22:31,0,0,2,北京,中国,哈哈哈哈哈前天刚去了雍和宫烧香拜佛
为什么寺庙旅游突然火了,21,4.88E+15,侯勇hyong,male,269,2.8万,2023/3/21 22:12,0,0,1,菲律宾,菲律宾,那是所谓的媒体带节奏 菲律宾·manila
为什么寺庙旅游突然火了,21,4.88E+15,昵称乱打的乱打的,female,586,2,2023/3/21 22:10,0,0,0,四川,中国,看淡了，佛系了
为什么寺庙旅游突然火了,21,4.88E+15,叫我皮小跑,female,194,557,2023/3/21 22:04,0,0,1,北京,中国,别的不说，但真的，很壮观熊伟，每一座都各有特色。
为什么寺庙旅游突然火了,21,4.88E+15,KK1碗吃不饱,female,54,2,2023/3/21 22:03,0,0,0,浙江,中国,哈哈哈哈哈上周刚去过，还遇到了一只小猫
为什么寺庙旅游突然火了,21,4.88E+15,晴依漫漫,female,3128,1.6万,2023/3/21 21:55,0,0,2,湖南,中国,我觉得有精神寄托挺好的。
为什么寺庙旅游突然火了,21,4.88E+15,海护法,male,1833,1.3万,2023/3/21 21:54,0,0,0,宁夏,中国,个人觉得这个数据说明不了什么吧，2022年什么情况现在什么情况
为什么寺庙旅游突然火了,21,4.88E+15,来口四果汤,male,3102,1940,2023/3/21 21:51,0,0,3,广西,中国,(本人福建人）希望不要成为一种病态火，不希望寺庙被奇怪的旅游带偏，因为这是从小的信仰，但是欢迎大家去了解，去思考，去发现这种美
为什么寺庙旅游突然火了,21,4.88E+15,是琼子Yaa,female,181,1584,2023/3/21 21:48,0,2,0,云南,中国,主打的就是一个虔诚心诚则灵🙏🙏
为什么寺庙旅游突然火了,22,4.88E+15,六弦之首苍甩来甩去的小拂尘,female,800,236,2023/3/21 22:14,0,0,0,广东,中国,求个心安理得吧，寺庙的环境可以让人远离俗世，暂时获得片刻心灵的片刻安宁。而且很多寺庙本来就作为一个景点和景区融为了一体，比如去了拉萨得去大昭寺，去了珠峰大本营得去绒布寺，峨眉山金顶，西湖边的灵隐寺，衡山更不用讲，从山脚大庙到山顶祝融峰全是寺庙
为什么寺庙旅游突然火了,22,4.88E+15,没那么简单啊啊啊啊,female,853,103,2023/3/21 22:04,0,0,0,,中国,不到啊，有好看的景点就去看看呗，买个上上签乐呵一下也行，让我特意去拜佛真不可能吧
年轻人为什么爱去寺庙了,2,4.88E+15,三秦学子,male,624,4.6万,2023/3/15 23:09,0,0,1,陕西,中国,广仁寺现在成了网红，其实不仅线上红，线下也很红。当然，这种“红”也并非成就于一夜之间，而是多年努力后的水到渠成。藏传佛教本身的神秘，以及“西藏味道”对年轻人的吸引，包括金顶等独特的建筑色彩所形成的巨大反差，都让诸多年轻人趋之若鹜，纷纷前来打卡。当然，广仁寺与时携行的努力和尝试也很重要，他们也采取了不少既适合年轻人审美、又结合佛法弘扬的场景设计，很受欢迎。陕西省佛教协会副会长、西安广仁寺住持仁钦上师刚从外地回来，我上门讨了杯清茶，一起聊了聊感兴趣的话题。其实，道观也好、寺庙也罢，除了历史、文化、宗教的因素外，我更想接触里面的人。所谓佛法僧三宝，都很重要。作为康熙大帝敕建的藏传佛教寺院，其建立之初，便以稳定西北、促进民族团结为要旨。仁钦上师在这里已经二十年了，一直在促进汉藏民族团结和汉蒙民族团结，这也是广仁寺“火”的精神内核之一。佛教讲因果，也是多年努力的“因”，广仁寺才得到了今天福报的果。 来源：
年轻人为什么爱去寺庙了,2,4.88E+15,人间好时节___,male,282,39,2023/3/15 19:06,0,2,0,北京,中国,别人我不知道，我是越来越喜欢去雍和宫走走了
年轻人为什么爱去寺庙了,2,4.88E+15,宋清辉,male,102,985.1万,2023/3/15 15:56,1,1,2,广东,中国,数据显示，今年以来寺庙门票订单量同比增长310%，其中90后、00后占比近50%。
年轻人为什么爱逛寺庙,2,4.95E+15,_数星星的猫_,female,71,4,2023/9/23 10:04,0,0,0,辽宁,中国,世俗禁锢灵魂，无趣之人遍地都是。
年轻人为什么爱逛寺庙,2,4.95E+15,天秤小王呀,female,121,70,2023/9/21 1:56,0,1,1,山东,中国,当代年轻人现状
年轻人为什么爱逛寺庙,2,4.95E+15,我才不是怪孩子,male,87,0,2023/9/20 21:07,0,0,0,广东,中国,在家靠父母，在外靠佛祖
年轻人为什么爱逛寺庙,2,4.95E+15,拍拍打打大西瓜,male,300,4,2023/9/17 20:54,0,2,1,江苏,中国,怎么说呢 我都是去算命看看最近科研顺不顺利的 不好的话 再去祈愿消灾，求实验顺利 没毛病
年轻人为什么爱逛寺庙,2,4.95E+15,香辣花花椒,male,1250,4106,2023/9/17 11:02,0,0,0,上海,中国,獬豸、贡品与悖论  若獬豸是公平的那无需贡品 因为它不能被收买 若獬豸是不公的 那它就不是神兽也不具有神力 贡品也是没用的 --西政老师赵自轩
年轻人为什么爱逛寺庙,2,4.93E+15,菌不芝,female,240,198,2023/8/3 9:18,0,0,0,浙江,中国,寺庙隔壁住了三天 真的想回家了
年轻人为什么爱逛寺庙,2,4.93E+15,前程无忧51job,female,340,139.2万,2023/7/24 18:32,3,6,2,上海,中国,随着“寺庙”“上香”此起彼伏在社交网络上火爆以来，寺庙禅修也走进了更多人视野。但在热度之下，免费的禅修已经变成部分人的生意，收割跟风禅修韭菜的人也已经在路上。        裸辞后，我来寺庙禅修被割了韭菜
年轻人为什么爱逛寺庙,3,4.93E+15,奶酪泡芙吖,female,208,815,2023/7/23 18:46,0,1,3,河南,中国,见天地知敬畏，见众生懂怜悯。见自己明归途！
年轻人为什么爱逛寺庙,3,4.93E+15,山下智久阿加西,female,277,142,2023/7/21 21:21,0,0,0,江苏,中国,杭州灵隐寺  有美味平价健康的素面吃啊
年轻人为什么爱逛寺庙,3,4.93E+15,旺仔麻麻呐,female,105,9,2023/7/20 19:42,0,0,1,广东,中国,📍盘古庙  “顺遂无虞，皆得所愿”  惠州·盘古庙
年轻人为什么爱逛寺庙,3,4.92E+15,背着相机去行走,male,3716,11.1万,2023/7/16 22:08,2,8,56,广东,中国,年轻人的苦，寺庙最清楚  📍广州光孝寺          广州
年轻人为什么爱逛寺庙,3,4.92E+15,Victoria的投资笔记,female,397,179,2023/7/16 17:36,0,0,1,辽宁,中国,年轻人越来越喜欢逛寺庙的原因之一，我猜肯定有一部分年轻人看到一个现象：  就是单凭个人努力，两个人努力，两个家庭一起努力，都不足以跨越阶层，改变自己的命运甚至改变家族命运。  So be it
年轻人为什么爱逛寺庙,3,4.92E+15,深圳微时光,female,391,3.4万,2023/7/12 18:20,23,11,38,广东,中国,深圳这座“小江南”，惊艳到我了初入龙园，确实有种瞬移故宫的感觉-🐲龙园公园这是中国唯一一个以龙文化为主题的园林公园入园口就能看到一条很大的龙🐉行走在回龙桥上看着有种江南水乡的韵味了回龙桥底下还有一条石路桥，在下面玩水钓鱼🎣简直不要太快乐了！  ⛩️龙兴寺这座深圳版的小故宫，被很多人忽视了对比热门的寺庙，这里显得是一处幽静一份清欢没有热闹的喧嚣，安静得只有风铃的声音   🔺Tips：因为目前还在施工，龙兴寺与龙园围墙阻断不相通，需要从公园外围绕过去龙兴寺现场可以免费请三支香   📍地址：深圳市龙岗区龙园路433号🎟️门票：免费，免预约⏰时间：龙园（全天开放）；龙兴寺（8:00-17:00）🚗交通：地铁16号线“龙园”站D出口，步行400米；公交“龙园公园”站🅿️停车：园内有停车场    深圳
年轻人为什么爱逛寺庙,3,4.92E+15,每晚和你说晚安,male,422,97.1万,2023/7/11 4:48,14,0,34,浙江,中国,热爱生活治愈系𝙒𝙚𝘾𝙝𝙖𝙩文案/朋友圈文案1.想0.5倍速播放最近的日子。2. 要时常记录下，生活最美好的样子。3.比起来日可期，我更喜欢如约而至。4. 花很灿烂风也温柔，目之所及皆是美好。5.“生活不在别处，当下即是全部。”6.“路上见识世界，途中认清自己。”7.“不图事事圆满，但愿事事甘心。”8.“该相见的人总有一天会相见的。”9.每一段未知的旅程，都是人生的风景。10.留住心中热爱，奔向下一场山海。11.生活不是为了赶路，而是为了感受路。12.我不知道我要去哪里，但我已经在路上了。13.每一次日落，都是太阳留给天空的温柔叭。14.追赶日出，算是我献给自己的一场浪漫。15.“所见皆为美好，所行不负年少。”16.“心怀浪漫宇宙，也珍惜人间日常。”17.“路过山水万程祝自己与温柔重逢。”18.一个人闪闪发光才是硬道理。19.把温柔和浪漫都藏在生活里。20. 生活要尽心，也要随心，更要开心21.平淡日子里泛着光。
年轻人为什么爱逛寺庙,3,4.92E+15,Hello_MissRed,female,669,392,2023/7/6 14:09,0,0,0,上海,中国,是谁打工中途崩溃去庙里待着的  是我...
年轻人为什么爱逛寺庙,4,4.92E+15,月光小橙子pi,female,664,314,2023/7/3 23:40,0,1,16,广东,中国,多喜乐 长安宁  广州·大佛古寺
年轻人为什么爱逛寺庙,4,4.92E+15,时尚健康,female,940,196.8万,2023/6/29 21:00,1,0,4,北京,中国,禅修到底多有益身心？  如果你身边的朋友突然消失了一周又出现，别担心，很有可能他跑去禅修了。这届年轻人，怎么都开始去禅修了？康康特别对话了两位去禅修的年轻人，来听听他们分享的真实感受吧：我还在朝九晚五，朋友已经“出家”了？  禅修
年轻人为什么爱逛寺庙,4,4.92E+15,哀木涕星,male,282,398,2023/6/24 1:48,0,0,3,陕西,中国,每到一个地方  必去当地很火的寺庙  祈祷诸行顺利～
年轻人为什么爱逛寺庙,4,4.91E+15,FeverLakgl,female,171,14,2023/6/19 17:19,0,0,0,广东,中国,我可太需要一些鸡汤来开导自己了。陷入一个死循环了。怎么破局
年轻人为什么爱逛寺庙,4,4.91E+15,Victoria的投资笔记,female,397,179,2023/6/17 21:14,0,0,0,辽宁,中国,这世界上最恐怖的爱就是周芷若
年轻人为什么爱逛寺庙,4,4.91E+15,冰豆花儿-,female,95,77,2023/6/11 17:17,0,2,5,江西,中国,上班还是上学？我：上香 南昌·文泉禅寺
年轻人为什么爱逛寺庙,4,4.91E+15,ttqwykb,female,89,2,2023/6/10 17:20,0,0,18,河北,中国,📸&quot;𝗣𝗹𝗼𝗴 ‣万事如意 石家庄·隆兴寺
年轻人为什么爱逛寺庙,4,4.91E+15,HH的小盒子,female,338,173,2023/5/30 12:02,0,2,0,辽宁,中国,咱就是说还的是我这俩老姐妹儿 奏是能玩一块去 大连·西岗区一盒糖创意美术工作室
年轻人为什么爱逛寺庙,5,4.91E+15,CrisMemo22,female,126,17,2023/5/29 16:55,0,0,0,浙江,中国,高温去寺庙拜佛  有朋自远方来 不去不行  哈哈哈哈  杭州·法喜寺(上天竺)
年轻人为什么爱逛寺庙,5,4.91E+15,何同学快快努力呀,male,118,11,2023/5/29 0:23,0,0,0,福建,中国,适合年轻人的景点
年轻人为什么爱逛寺庙,5,4.90E+15,Victoria的投资笔记,female,397,179,2023/5/23 1:06,0,0,0,辽宁,中国,有些时候，自己也不知道受困于何物  不愿意重来，也不愿意开始
年轻人为什么爱逛寺庙,5,4.90E+15,张开心的秘密花园,male,165,5,2023/5/19 19:41,0,1,0,江西,中国,歇心 寡欲  摄影日常
年轻人为什么爱逛寺庙,5,4.90E+15,杨桦白,female,581,171,2023/5/19 9:01,0,1,4,四川,中国,不仅爱去博物馆 还喜欢去寺庙 因为清静   起码，相对清静
年轻人为什么爱逛寺庙,5,4.90E+15,憨晶晶,female,57,26,2023/5/17 23:07,0,2,0,四川,中国,只有实况才能感受到寺庙的魅力，鸟叫声、钟声、诵经声 成都·昭觉寺
年轻人为什么爱逛寺庙,5,4.90E+15,明镜止水Eva,female,514,1148,2023/5/13 21:46,0,1,3,浙江,中国,重庆老君洞 重庆 重庆·老君洞道观
年轻人为什么爱逛寺庙,5,4.90E+15,小嘢栗子,female,330,262,2023/5/13 21:01,0,1,1,四川,中国,在喧哗的市区中，寻找一份静谧  古圆觉庵 又称  爱道堂  始建于明代古北宫渠之通顺桥畔，距今已有500多年的历史  一座离香火鼎旺的文殊院步行不过10分钟的地方 没有了人声鼎沸的喧闹，也没有太多的香客，反而多了一份喧闹中的宁静。 成都 日常
年轻人为什么爱逛寺庙,6,4.90E+15,奶酪泡芙吖,female,208,815,2023/5/13 14:28,0,6,15,河南,中国,一方净土三炷清香愿所求皆所愿。 为他，跪拜了文殊殿。 为己，跪拜了财神殿。 驻马店·南海禅寺景区
年轻人为什么爱逛寺庙,6,4.90E+15,噗噗一声是PI,female,86,7,2023/5/9 9:43,1,0,2,湖北,中国,昨天睡前在b站看到一段采访，被采访对象是南京大学教授朱虹，标题是寺庙更清楚现在年轻人的苦，90后比60、70后更相信命，现在寺庙年轻人越来越多，买彩票都是年轻人，现在在中国最幸福的是那些退休的人，拿着稳定的工资，天天跳广场舞，到处旅行，现在最痛苦的是年轻一代，她们缺少两个最基本的东西，一个是长期的亲密关系，第二个是稳定且向上流动机会的工作，所以年轻要去算命，同时又希望抽彩票一夜暴富，暴富后至少可以不工作，她觉得她现在的工作是工资又低，压力又大，又要KPI同时还没有向上的机会，因为太卷了，但是又离不开钱，抽中彩票后至少可以不用工作，然后我努力的去建立一个稳定的长期的亲密关系，那幸福度就会提高很多。我觉得朱虹老师说的非常对（对我个人来说），说出了我的心声
年轻人为什么爱逛寺庙,6,4.90E+15,小叮当的口袋我的胃,female,509,901,2023/5/7 19:23,0,0,3,山东,中国,主打一个真诚打卡
年轻人为什么爱逛寺庙,6,4.90E+15,雨生百谷养兔子,male,119,105,2023/5/3 23:34,0,0,1,上海,中国,哈哈哈哈当代年轻人对神佛的喜爱不只是体现在爱逛寺庙哈哈哈哈
年轻人为什么爱逛寺庙,6,4.90E+15,羊羊老师不是羊,male,191,31,2023/4/29 23:39,0,0,0,浙江,中国,游人不管春将老来往亭前踏落花人流量不大，体验感nice转来转去走到了东岳庙不由得哼起了三看御妹也是我学的第二个折子戏“东岳庙内初见卿”～世味年来薄似纱谁令骑马客京华～人流适中且清净的好去处满眼的绿意登高望远心情舒畅同时也让我相信放假可能还是👉 睡觉更美丽一些太久没走过这么多路了
年轻人为什么爱逛寺庙,6,4.90E+15,#NAME?,female,223,213,2023/4/27 16:41,0,1,2,陕西,中国,长大后变得越来越虔诚，每到一个城市，最想去烧香拜佛。🙏 西安·大兴善寺
年轻人为什么爱逛寺庙,7,4.89E+15,Mayiehc-,female,505,96,2023/4/26 8:35,0,0,1,澳大利亚,澳大利亚,在努力和坚持之中 选择了做法hhhhhh
年轻人为什么爱逛寺庙,7,4.89E+15,闻道缘彤,female,113,6945,2023/4/24 13:45,0,0,0,辽宁,中国,有人说寺庙的香灰里承载了当代年轻人的各种焦虑和压力，年轻人的苦，寺庙最清楚，甚至有的寺庙都成了网红打卡地，去寺庙成为一种流行。我不建议大家去寺庙里拜拜，因为你以为的可以静心，实则那第一商业化严重，第二气场紊乱，所以很容易影响个人气场。有敏感的人去了之后做梦的色调都是灰色的，压抑的，甚至有的是噩梦和鬼压床或者失眠睡不好等等情况，有些人可能不敏感，但是实际上还是有压运的影响。拜拜不等于一切顺遂和安好，建议多去正能量的地方或者多做正能量的事情，多晒太阳，多看书，提高认知，知识可以改变命运。
年轻人为什么爱逛寺庙,7,4.89E+15,小嘢栗子,female,330,262,2023/4/22 19:37,0,0,0,四川,中国,从小就爱逛寺庙，虽不怎么拜佛，但还是喜欢到寺庙里晃荡，有一份自然而然的松弛感也十分喜欢寺庙建筑学    成都
年轻人为什么爱逛寺庙,7,4.89E+15,7一口奶油生菜,female,102,1,2023/4/22 1:27,0,0,5,广东,中国,年轻人不是在寺庙就是在彩票店 主打的就是真诚～ 惠州·清泉古寺
年轻人为什么爱逛寺庙,7,4.89E+15,南昌的天空,female,430,613,2023/4/17 21:59,0,0,1,江西,中国,疫情时移出来的石狮子，还远远的蹲在寺庙外，佑民寺现在免门票，香是自取，桌上摆着二维码，随缘布施。   今天寺庙几乎都是年轻人，这也是一个奇特现象。。 南昌·佑民寺
年轻人为什么爱逛寺庙,7,4.89E+15,不爱茄子小兔叽,female,79,18,2023/4/15 21:29,0,0,0,广东,中国,_ 停止内耗
年轻人为什么爱逛寺庙,8,4.89E+15,高芦,male,443,1.3万,2023/4/15 11:27,0,0,0,上海,中国,打卡慈云寺！可惜塔还在修缮！ 苏州·慈云禅寺
年轻人为什么爱逛寺庙,8,4.89E+15,曼哈顿GiGi,female,38,3179,2023/4/14 21:31,0,5,9,湖南,中国,为什么年轻人现在热衷于逛寺庙上香？ 因为年轻人也压力大不容易吖 美国·ManhattanNew York
年轻人为什么爱逛寺庙,8,4.89E+15,扒拉扒拉小墨鱼,male,597,9,2023/4/14 14:05,0,0,1,山东,中国,起码说明年轻人不信邪教，挺好的
年轻人为什么爱逛寺庙,8,4.89E+15,家居观察家366,female,401,2122,2023/4/12 21:43,0,1,1,广东,中国,去了四个城市，也就路过了一个千年古寺，深度拜了三个千年古寺 无锡·无锡南禅寺
年轻人为什么爱逛寺庙,8,4.89E+15,凤凰网旅游,female,1258,127.1万,2023/4/12 16:04,1,0,4,北京,中国,【北京8大寺庙游览攻略】寺庙作为玄学世界的缩影，几乎可以包容所有问题和困难，年轻人涌入，扎堆寻求一个&quot;心诚则灵&quot;的慰藉。春日来临，躲开人山人海的热门景点，来寺庙感受心灵沐浴吧！🌄雍和宫来北京必去一次的雍和宫，融合宗教、景点、展览于一体，又被叫做“小故宫”。蕴含着300多年的历史文化，作为一种文化象征，融入北京人的生活。雍和宫建筑群的形成前后跨越了康熙、雍正、乾隆三朝，经历了王府、行宫、庙宇三个时期，作为全国规格最高的佛教寺院，也是北京保存最完整、佛事活动完备，仍有僧人驻锡的藏传佛教活动场所，恢弘的宫殿建筑之美，庄严清幽的寺庙氛围，能够让人静下心来。🌄白塔寺有着750年历史的元代古塔，妙应寺白塔也是北京的精神地标，是国内现存年代最早、规模最大的喇嘛塔。距今已有750年的历史，白塔形制即源於古印度的窣堵坡式，融合了中尼佛塔的建筑风格，俯瞰如同一个巨大的宝葫芦，矗立在密集的北京民居之间。🌄天宁寺北京城区现存最古老的地上建筑，有着九百多年历史的辽代古塔，一直低调隐藏在历经沧桑的天宁寺内。天宁寺塔在整体造型和局部手法上，表现了辽代密檐砖塔的建筑风格，整座塔造型俊美挺拔，雄伟壮丽，是北京不得不看的古建美景。 🌄真觉寺每年必打卡的石刻艺术博物馆修建在明代真觉寺的遗址之上，明朝永乐年间建成，清末毁于大火，仅存一座塔，名为真觉寺金刚宝座塔。600年历史沉浮，余韵留存，被称为“中国最精美的金刚宝座塔”。🌄法源寺北京城内现存历史最悠久的古刹。有着“香刹”之名的法源寺，位于教子胡同南端东侧，也是京城四大花事的仅存之地，法源寺成立中国佛学院以来，也面向各地僧人进行本科学历教育，因此在寺中常能遇到他们。🌄西黄寺与雍和宫齐名的西黄寺，于1652年由清代皇帝下旨修建，这座皇家寺院曾分为东、西黄寺，后惨遭劫难，仅剩西黄寺塔院，曾是达赖班禅进京居住的地方，如今成为藏传佛教的学府之地。西黄寺内还有多个展厅，像唐卡展、佛教文化陶瓷展等，展现了浓厚的历史底蕴，幽静的西黄寺与世隔绝，让人能够不自觉平静下来，除了在此感受历史的熏陶，还能欣赏古老的唐卡作品。🌄智化寺五百年历史的智化寺，明初由司礼监太监王振所建。历经繁荣和战乱变换，寺庙中轴线上的主体建筑保留至今，是北京保留最完整的明代木结构建筑群。智化寺按明史的评价是&quot;穷极土木&quot;，藏殿内有北京唯一留存的明代转轮藏，从其中的精致华丽可窥见一二。这里演奏着古宫廷流传下的音乐，堪称&quot;中国音乐的活化石&quot;，五百多年前的古朴之音，如今也能亲耳聆听。 🌄觉生寺位于海淀的大钟寺古钟博物馆原名觉生寺，保存有400多件中外古代钟铃。还有世界上现存最大最重的钟，别具古韵的钟亭回廊也很适合休息拍照。春天来逛，别有一番风貌。庭院里栽植着不少古树，玉兰花、山桃花、梨花都争相开放，能够欣赏到春花景色。（来源：北京LOOK）
年轻人为什么爱逛寺庙,9,4.89E+15,薄荷辣辣,female,55,1,2023/4/9 9:41,0,0,0,山东,中国,与其关注为什么爱逛，不如关注大家去求什么
年轻人为什么爱逛寺庙,9,4.89E+15,清爽沁柠,female,28,1001,2023/4/8 16:13,0,0,0,广东,中国,生死有命，富贵在天🙏 努力后，后面交给上天安排🙏  佛山·三水本焕寺
年轻人为什么爱逛寺庙,9,4.89E+15,用户6801794208,female,155,17,2023/4/8 13:03,0,0,4,山东,中国,开光，过香火，65元一串
年轻人为什么爱逛寺庙,9,4.89E+15,咋不能少吃点呢,female,293,171,2023/4/8 12:26,0,1,2,湖南,中国,线上拜佛 🙏🙏🙏🙏
年轻人为什么爱逛寺庙,9,4.89E+15,WEIWEI灵魂超胖的,female,59,222,2023/4/7 22:22,0,1,1,浙江,中国,📍灵隐寺 法喜寺 永福寺 韬光寺  “吾求皆吾愿，多喜乐，长安宁”  杭州·灵隐寺
年轻人为什么爱逛寺庙,10,4.89E+15,Kellyfu卡布基诺,female,1945,295,2023/4/7 21:04,0,0,1,浙江,中国,清明节去了灵隐寺 年轻人主打一个真诚
年轻人为什么爱逛寺庙,10,4.89E+15,一十六年春如故,male,277,1243,2023/4/7 11:27,0,0,1,辽宁,中国,感觉比沈阳有活力一点，标准是大街上姑娘好不好看 鞍山
年轻人为什么爱逛寺庙,10,4.89E+15,一姚画画儿,female,836,673,2023/4/6 12:48,0,0,1,北京,中国,恬淡虚无 ，精神内守。现代人最缺的就是这几个字。不是个人的错，是这个社会的整体现象。大家都在玩命的追求功成名就，身外之物，人人都是热烈的激进的，否则就是颓废、是不求上进。如果年轻人不想再遵循这种价值观，真的就是错误的吗，不尽然。
年轻人为什么爱逛寺庙,10,4.89E+15,xiaojing_佳婧,female,57,4,2023/4/6 0:26,0,0,0,重庆,中国,所念皆所愿.所求皆所得🌼
年轻人为什么爱逛寺庙,10,4.89E+15,芝芝莓莓我的爱呀,female,94,29,2023/4/5 16:45,0,2,1,上海,中国,年轻，没事多去寺庙溜达溜达
年轻人为什么爱逛寺庙,10,4.89E+15,清水镇回春堂小六贴身保镖,male,1081,783,2023/4/4 21:51,0,0,1,广东,中国,我是喜欢闻寺庙里面染香的味道
年轻人为什么爱逛寺庙,11,4.89E+15,半湖明月照沟渠,female,181,24,2023/4/4 10:00,0,0,0,广东,中国,社会竞争激烈，既然那么难，多求菩萨多上香，求个心安 深圳·弘法寺
年轻人为什么爱逛寺庙,11,4.89E+15,水水麻薯冰全糖,female,178,477,2023/4/4 9:31,0,0,0,江苏,中国,闰土去迅哥儿家里面顺走的东西是什么？香案和烛台。
年轻人为什么爱逛寺庙,11,4.89E+15,无事生非的了了,female,435,730,2023/4/4 9:10,0,4,0,北京,中国,周末陪朋友去雍和宫，年轻的面孔占大部分，法器流通处不排个3小时，估计都进不去。
年轻人为什么爱逛寺庙,11,4.89E+15,陈江江小虾米哟,female,80,26,2023/4/3 20:29,0,0,0,四川,中国,人们都在焦虑什么呢
年轻人为什么爱逛寺庙,11,4.89E+15,橘猫的饭,male,155,9,2023/4/3 12:39,0,0,0,安徽,中国,灵隐寺要是能上市，那市值绝对吊打茅台
年轻人为什么爱逛寺庙,12,4.89E+15,福建乡村振兴者,male,1834,106.1万,2023/4/3 10:35,0,0,2,福建,中国,不以敬畏之心，却以祈求之心。 当代年轻人问题出在哪？
年轻人为什么爱逛寺庙,12,4.89E+15,告辞服,male,41,1,2023/4/2 20:23,0,0,19,湖南,中国,okkokkmmmmokmmmomokm🥳🥳kmmmoommkmmmm🥳🥳ooookkmmmmm🥳🥳🥳🥳🥳🥳🥳🥳🥳🥳🥳🥳🥳🥳🥳🥳🥳🥳🥳🥳🥳🥳
年轻人为什么爱逛寺庙,12,4.89E+15,大鼻子象Kiwi,male,446,2226,2023/4/2 20:21,0,0,1,北京,中国,自从某报发表一番点评后， 烧香的年轻人仿佛更多了。🙏🏻   北京·雍和宫
年轻人为什么爱逛寺庙,12,4.89E+15,塔城消防,male,235,1.3万,2023/4/2 13:28,0,0,0,新疆,中国,在佛教中烧香过程很容易产生火苗 寺院需要时时做到“防火于未燃” 提高僧众消防安全意识很重要 那么在寺院 需要注意哪些消防知识呢 我们一起来看看吧！
年轻人为什么爱逛寺庙,12,4.89E+15,丙寅子说,female,255,5.5万,2023/4/1 8:53,4,8,75,浙江,中国,上上周我去了一下灵隐寺附近，人非常多，记得有一年（好像是2014年）春节初二去的，人都没有这么多。前天去了南京，鸡鸣寺门口的人也是非常多。其实不难理解，疫情过后，大家的观念也在逐渐的转变，有太多的事人力不可控，就想去寺庙拜一拜，祈求↑天的庇佑。但信仰这件事，首先人心得善，比如在善恶之间选择善，比如多行好事莫问前程。不能说一天想着坑，算计别人，还去拜拜，那种就是掩耳盗铃 罢了。当然像上来说，这是离☲9（冥水瓶）的一个趋势，意识形态的变化。
年轻人为什么爱逛寺庙,13,4.89E+15,周末很忙的女人,female,544,662,2023/4/2 11:01,0,5,2,辽宁,中国,来寺庙上香，看到了喜鹊，吃到了寺庙的糕点。 沈阳·慈恩寺
年轻人为什么爱逛寺庙,13,4.89E+15,蓉儿不会表演武功,female,664,63,2023/4/2 9:27,0,0,1,上海,中国,嗯 爱逛
年轻人为什么爱逛寺庙,13,4.89E+15,用户537836959,male,180,1,2023/4/2 8:57,0,0,0,山东,中国,求佛保佑 准备找寺庙拜拜🙏
年轻人为什么爱逛寺庙,13,4.89E+15,jiandickdashi,female,3413,488,2023/4/2 1:46,0,0,1,广东,中国,我的怨气已经不是逛寺庙能解决的了
年轻人为什么爱逛寺庙,13,4.89E+15,Ryota_阿布,female,709,120,2023/4/2 0:14,0,0,1,福建,中国,面对现实吧，谁都靠不住，只能靠自己。靠山山倒，靠水水流，靠人人跑。寺庙只是个短暂的调整而已。如果不出家。上完香还不是要面对现实。
年轻人为什么爱逛寺庙,13,4.89E+15,蓝波喝海盐芝士了吗,male,60,5,2023/4/1 23:14,0,0,0,广东,中国,主打一个“求佛”
年轻人为什么爱逛寺庙,14,4.89E+15,捧花持剑Back,male,530,3526,2023/4/1 22:53,0,4,1,黑龙江,中国,压力大，心烦，无处发泄，借用信仰文化缓解自己开导自己呗，尽量让自己的日子找盼头，还好意思问，到这种程度了，不觉得悲哀吗。
年轻人为什么爱逛寺庙,14,4.89E+15,杰克Joeaa,male,68,19,2023/4/1 20:02,0,0,4,陕西,中国,寺庙里烧香拜佛的真的大多数都是年轻人。 西安
年轻人为什么爱逛寺庙,14,4.89E+15,兔子有双小耳朵,female,280,201,2023/4/1 19:57,0,0,1,河南,中国,不由自主变得敬畏
年轻人为什么爱逛寺庙,14,4.89E+15,来去风清,male,568,9.2万,2023/4/1 18:14,0,0,0,浙江,中国,灵隐寺人山人海，是最近一段时间的常态。整整三个月来，不管是节假日，还是在工作日，西湖边都是堵堵堵，让人不禁怀疑，“杭州人是不是真的不用上班？”要问车最堵、人最多的地方在哪里？灵隐寺肯定名列前茅。今天是最后一个可以享受灵隐寺“免费游”的日子。进入灵隐寺，一眼望去，乌泱泱全是人头，其中很大一部分都是年轻人。一位年轻女游客说：“免票最后一天，请假也要来啊！”  ？除了静心、祈愿，杭州各大寺院里的网红打卡点、“十八籽”手串、“慈杯”咖啡等越来越多的文创和美食，也拉近了寺庙和年轻人的距离。今天，你免费游景区寺庙了吗？via橙柿互动  橙柿视觉丨“免票”最后一天的灵隐寺
年轻人为什么爱逛寺庙,14,4.89E+15,池铁忠wq,male,1556,872,2023/4/1 18:10,0,0,0,广东,中国,寺庙的香是有安神作用的，药香是真不错。
年轻人为什么爱逛寺庙,14,4.89E+15,佛系小桃儿,female,32,4.7万,2023/4/1 15:04,1,1,19,湖北,中国,我朋友说 每次工作压力特别大的时候 坐在寺庙里面的树下 感觉特别安心 而且每次去了后 确实心情平静很多   年轻人倒不是说真的选择躺平 想要过无欲无求的生活 很多只是嘴巴喊着不努力 暗地里面拼命卷 快节奏下 各种声音扑面而来 寻一处清净 也很难得
年轻人为什么爱逛寺庙,15,4.89E+15,随风消逝吧888,female,38,2,2023/4/1 16:59,0,1,1,北京,中国,碰巧遇到上课诵经文，不知不觉泪流满面，沐浴了一场净化心灵的洗礼。年轻人为什么爱逛寺庙。 北京·法源寺
年轻人为什么爱逛寺庙,15,4.89E+15,卿卿说子衿,female,27,2,2023/4/1 16:53,0,0,0,山东,中国,应允许一切发生～得之我幸，失之我命，不强求，不刻意，不抱怨，不懊悔...  这才是最正确的减压舒缓方式
年轻人为什么爱逛寺庙,15,4.89E+15,上进的律姐,female,615,344,2023/4/1 16:22,0,0,0,山东,中国,原来也不信，之前做任何事情，家里人不支持，打击你，我找一盲人算命先生聊天。  我把想法，计划告诉他，他就说，好好做，一定能成功，中途别放弃，努努力就能做到，然后我给他50元，他高兴，我也高兴  没有方向的时候，寻求一下心理安慰吧。
年轻人为什么爱逛寺庙,15,4.89E+15,Chun芳,female,141,88,2023/4/1 16:19,0,0,0,上海,中国,我觉得可能是在迷茫时期，寻求一种对自我的唤醒，找到内心想要的决心
年轻人为什么爱逛寺庙,15,4.89E+15,玉尧离皇,female,246,149,2023/4/1 16:19,0,0,0,天津,中国,旅行在路上潭柘寺一日游 愿往后事事顺心 一切美好的事物如约而至
年轻人为什么爱逛寺庙,15,4.89E+15,六边形美少女战士,female,177,444,2023/4/1 16:10,0,5,3,江苏,中国,📍平江路 定慧寺 双塔寺 吴作人艺术馆 寒山寺 西园寺 无滤镜版  苏州
年轻人为什么爱逛寺庙,15,4.89E+15,三联生活周刊,male,851,2469.2万,2023/4/1 8:50,35,55,302,香港,中国,【：出家生活清贫，年龄大身体吃不消】据封面新闻报道，近日，四川青城山太清宫一条招募出家道士公告引热议。五项要求中，只招收“18岁以上35岁以下未婚男女青年，不能结婚”，此公告一出，有网友直呼：道士招募也在“卷”！3月31日，青城派掌门刘绥滨回应称，35岁以下的年龄限制，不是年龄歧视，是20世纪80年代青城山道教协会定下的。因青城山常年潮湿，加上出家生活清贫，年龄大了，身体上吃不消。而对于不能结婚的要求，这是全真教祖师爷王重阳定下的规矩了。据了解，目前道士招募已招满，公告已撤下。
年轻人为什么爱逛寺庙,16,4.89E+15,地中海之鹰VULTURE,male,182,198,2023/4/1 12:57,0,0,0,四川,中国,佛教不争，适合躺平。
年轻人为什么爱逛寺庙,16,4.89E+15,刘小敏丫,female,76,116,2023/4/1 12:42,0,0,0,内蒙古,中国,对里面的人生感到好奇，是不是就是完全吃斋念佛扫地没有世俗争绊啦
年轻人为什么爱逛寺庙,16,4.89E+15,法律与国际接鬼,male,92,47,2023/4/1 11:52,0,0,0,广东,中国,谁允许你代表年轻人了？
年轻人为什么爱逛寺庙,16,4.89E+15,榴乡峄城,male,1497,1.2万,2023/4/1 11:48,0,1,1,山东,中国,【】冲上热搜。？ 在无法马上改变压力环境的情况下，运动是最好的解压方式。每周进行3次、每次至少20分钟的有氧运动，持续一个月就能显著改善焦虑症状，提高大脑运作效能。不过，需要提醒的是，长时间或剧烈运动会导致躯体和肌肉疲乏，加快大脑的疲劳速度。
年轻人为什么爱逛寺庙,16,4.89E+15,用户7729943311,female,167,4,2023/4/1 11:37,0,0,0,广东,中国,这就是为什么我们家长辈都觉的我和我表妹更迷信的原因吗？我舅舅和我妈都觉的我和我表妹咋信这信那的
年轻人为什么爱逛寺庙,17,4.89E+15,当阿波罗遇到雅典娜,male,1582,33万,2023/4/1 11:06,0,0,4,广东,中国,如果说一个月有基本工资，含五险一金还能有3500。别说是当道士，就是当和尚我都可以。就是不知道如今还有哪家寺庙还招人，我想去看看
年轻人为什么爱逛寺庙,17,4.89E+15,kong山新雨_,female,76,8567,2023/4/1 10:54,0,0,0,吉林,中国,年轻人在上班和上街之间选择了上香。 四月，许下美好心愿，随春风生长🌿
年轻人为什么爱逛寺庙,17,4.89E+15,平安达州,male,722,3.6万,2023/4/1 10:42,0,1,0,四川,中国,【寺庙消防安全提示】寺庙存留大量珍贵文物，如发生火灾后果不堪设想。戳图，以下寺庙消防安全提示请收好！
年轻人为什么爱逛寺庙,17,4.89E+15,玺欢易个人他全宇宙最好的,female,63,1,2023/4/1 10:16,0,0,0,新加坡,新加坡,可以烧香看风景
年轻人为什么爱逛寺庙,17,4.89E+15,煊煊看星星,female,92,75,2023/4/1 10:15,0,0,1,湖南,中国,寻找精神寄托而已但是去逛寺庙，不代表神仙就会保佑你很简单一个逻辑你过高速还得给过路费呢你逛寺庙不得给个香火钱？就算给了，也是要按给的多少来看的你说你就临时去个一两次的，和人家天天供feng且有信yang的比，能比吗？所以，大部份人就当个精神寄托，心理安慰好了。
年轻人为什么爱逛寺庙,17,4.89E+15,cck8熟练技工,female,307,84,2023/4/1 10:04,0,0,0,北京,中国,在努力和放弃间选择拜拜
年轻人为什么爱逛寺庙,17,4.89E+15,古北水镇景区,female,647,7.2万,2023/4/1 10:01,1,0,4,北京,中国,探秘大隐于世的圆通塔， 做一次身心疗愈的放空之旅， 寻一方静谧，择一隅清幽， 抄佛经、体颂钵、吃斋饭…… 来一场禅意十足的度假之旅。   北京·古北水镇-圆通塔
年轻人为什么爱逛寺庙,18,4.89E+15,謦欬即倾偈,female,4353,85,2023/4/1 9:59,0,0,0,广东,中国,不知道，我会念阿弥陀佛
年轻人为什么爱逛寺庙,18,4.89E+15,小猫就要喵喵喵,female,21,3,2023/4/1 9:57,0,0,0,广东,中国,哈哈哈哈哈哈哈哈哈哈，一言不合就想去拜拜
年轻人为什么爱逛寺庙,18,4.89E+15,公考行测李新,female,567,18.3万,2023/4/1 9:54,1,7,11,北京,中国,年轻人喜欢逛寺庙的一些原因：探究文化：年轻人对历史和传统文化非常感兴趣，寺庙作为传统文化的代表，可以让他们了解和学习。寻找精神寄托：寺庙作为宗教场所，能提供一种平静安宁的氛围，让年轻人在繁忙的生活中寻找心灵的平静和安宁，得到一些精神上的满足。体验禅修：禅修作为一种传统的修行方式，可以让年轻人体验到不同于日常生活的状态，学习关注当下、减压和提高注意力等技能。与自然亲近：一些大型的寺庙通常都建在山间或自然环境中，这也吸引了一部分年轻人来到寺庙，体验大自然中的感觉和美景。总之，年轻人逛寺庙是因为他们对传统文化、心灵探寻、禅修和自然环境等方面感兴趣，逛寺庙可以满足这些需求。
年轻人为什么爱逛寺庙,18,4.89E+15,实况神圣,male,7120,80.4万,2023/4/1 9:52,0,1,12,四川,中国,年轻人生活压力比较大，工作压力，学习压力，照顾老人压力等，最近几年因为全球“口罩”因素，有的人可能身心也没有以前健康，去逛寺庙也许有的人觉得可以让心情好一些，也希望身体健康，工作学习顺利。 我觉得是一种释放压力的想法。
年轻人为什么爱逛寺庙,18,4.89E+15,蜻熠,female,102,2,2023/4/1 9:48,0,0,0,陕西,中国,当现实已经没有指望的时候才会去求神拜佛，有的人是不是该好好自省一下为什么跑去拜佛的祖国的未来越来越多了
年轻人为什么爱逛寺庙,18,4.89E+15,阳光能照照我么,female,68,33,2023/4/1 9:46,0,0,0,福建,中国,别想太多 只是因为寺庙的建筑 红墙啥的好打卡拍照而已 小红书全是打卡拍照点位。。。去个寺庙全是拍照的。。。
年轻人为什么爱逛寺庙,19,4.89E+15,下午茶2599,male,1880,15.3万,2023/4/1 9:45,44,10,39,山西,中国,【从彩塑到壁画藏经，山西广胜寺藏着多少珍奇异宝】《尔雅》有云“西方之美者有霍山，多珠玉”。霍山凭己地势优越，依偎霍泉之滨，集一众瑰宝于一山。它位于山西省临汾市，又名霍太山、太岳山，是我国五大镇山之一。 霍山之巅，广胜上寺位其上，由上寺、下寺、水神庙组成。寺院依山而建，寺后山峦叠起一望无际，两侧山谷深邃。建筑群落布局严谨，造型别致，殿宇峥嵘，行走其间，心生尘外之意。上寺始建于汉代重建于元代，为三进院落，即塔院、中院和后院。塔院现存建筑有山门、飞虹塔、弥陀殿、释迦殿（大雄宝殿）、韦陀殿、地藏殿、观音殿等主要建筑。山西广胜寺丨从彩塑到壁画藏经，这座深山庙宇中藏着多少珍奇异宝呢？
年轻人为什么爱逛寺庙,19,4.89E+15,乐山大佛景区管委会,male,137,13万,2023/4/1 9:44,0,0,0,四川,中国,九峰环抱，寺宇恢宏，在千年古刹，感受禅意之美。（摄影丨刘慧、李勇）
年轻人为什么爱逛寺庙,19,4.89E+15,每天都在加班的小火,female,16,1,2023/4/1 9:43,0,0,0,宁夏,中国,咋了，不能逛吗
年轻人为什么爱逛寺庙,19,4.89E+15,#NAME?,female,278,2293,2023/4/1 9:42,0,0,0,湖北,中国,有所求呗
年轻人为什么爱逛寺庙,19,4.89E+15,卷羊羊-,female,288,124,2023/4/1 9:33,0,0,1,湖南,中国,看到这个词条正在去寺庙的路上 长沙·古开福寺
年轻人为什么爱逛寺庙,20,4.89E+15,咚咚先生爱吃小布丁,male,627,939,2023/4/1 9:29,0,0,0,广东,中国,多逛逛混个脸熟，就是佛的有缘人了
年轻人为什么爱逛寺庙,20,4.89E+15,加点好运ing,female,722,11,2023/4/1 9:16,0,0,0,湖南,中国,现实太难了吧
年轻人为什么爱逛寺庙,20,4.89E+15,商标代理人-张瑶飞,male,18251,2万,2023/4/1 9:15,0,0,1,陕西,中国,在这个内卷严重的今天，对于当代年轻人的，佛系，躺平，态度，并不是逃避现实，只是想给心灵放个假，停一停，想一想，加满血条，感受一下大自然，调整好心态更好的往前走…… 这就是
年轻人为什么爱逛寺庙,20,4.89E+15,好评如朝,male,601,19.7万,2023/4/1 9:09,1,3,2,北京,中国,【 和你说早安】不找借口，不畏惧失败，去尝试和探索。当你勇敢跳出舒适圈去拥抱新变化时，就往期许的人生又迈进了一大步。
年轻人为什么爱逛寺庙,20,4.89E+15,诗鬼R13,male,273,203,2023/4/1 9:08,0,0,2,山西,中国,反正比信狗官们吹的牛皮和砖家们满嘴跑的航空母舰强
年轻人为什么爱逛寺庙,20,4.89E+15,一杯冻柠红茶Q,female,104,8,2023/4/1 9:08,0,0,0,上海,中国,主要是看风景+建筑
年轻人为什么爱逛寺庙,20,4.89E+15,沈阳校园,male,1131,58万,2023/4/1 9:03,0,0,0,辽宁,中国,🎤 周末来咯！大家没有在寝室里赖床吧，已经醒了的同学们来跟小沈打个卡吧～   📷｜🍠莎琪玛
年轻人为什么爱逛寺庙,21,4.89E+15,路茜亚Phoenix,female,288,4.5万,2023/4/1 9:00,0,1,3,美国,美国,可能是逛公园逛烦了吧！
年轻人为什么爱逛寺庙,21,4.89E+15,翡翠鉴定师王老师,female,285,85.2万,2023/4/1 8:59,1,0,6,山东,中国,【王老师原创文章】 大学生逛寺庙，小学生“盘手串”！ 快看看你家娃盘串了吗？   大学生逛寺庙，小学生“盘手串”！快看看你家娃盘串了吗？
年轻人为什么爱逛寺庙,21,4.89E+15,遙_樹,female,2212,602,2023/4/1 8:58,0,0,1,台湾,中国,壓力需要一個出口，一種信仰來釋放
年轻人为什么爱逛寺庙,21,4.89E+15,番茄加咸鱼,male,43,9,2023/4/1 8:50,0,0,0,福建,中国,为了念想，也为了个寄托。
年轻人为什么爱逛寺庙,21,4.89E+15,富贵阳光小财牛,female,89,6511,2023/4/1 8:49,0,0,0,广东,中国,大概是缓解压力，寻找精神寄托吧
年轻人为什么爱逛寺庙,21,4.89E+15,再来一碗螺丝粉-,female,743,15,2023/4/1 8:45,0,0,1,河北,中国,别问 问就是现实过得不如意 慢慢求助于神灵庇佑和心理慰藉 就跟乱世人们大都学佛信佛一个道理 现实太难了
年轻人为什么爱逛寺庙,21,4.89E+15,早睡早起冠军选手,male,126,254,2023/4/1 8:45,0,2,6,河南,中国,不然呢 我去给马克思恩格斯上坟
年轻人为什么爱逛寺庙,21,4.89E+15,萌萌哒豆乳,female,362,151,2023/4/1 8:44,0,0,1,黑龙江,中国,因为知道自己靠不住，想找个靠山开外挂
年轻人为什么爱逛寺庙,22,4.89E+15,Base心语,male,921,1357,2023/4/1 8:44,2,0,3,重庆,中国,学生课业负担重，年轻人工作生活压力也大， 寺庙大多远离闹市相对安静， 也是具有“神学”灵性的场合， 多少可以散心寻求内心平静放松， 缓解焦虑释然一些压力吧 特别看点 重庆·加州
年轻人为什么爱逛寺庙,22,4.89E+15,智慧美女金金,female,56,963,2023/4/1 8:43,2,2,9,上海,中国,是当代年轻人压力大、需要寻求心灵寄托的一种表现吧～寺庙算是一种大印，年轻人多去去寺庙其实挺好的，毕竟印可以化杀生身，起到减少压力和减灾添福的作用。
年轻人为什么爱逛寺庙,22,4.89E+15,文殊善菩提,male,64,3,2023/4/1 8:39,0,0,3,陕西,中国,广仁寺挺不错的，很舒服 西安·广仁寺
年轻人为什么爱逛寺庙,22,4.89E+15,隔b老周,male,2377,5.6万,2023/4/1 8:38,0,0,0,浙江,中国,逛寺庙的不都是信徒。
年轻人为什么爱逛寺庙,22,4.89E+15,看蜘蛛结网看云看瀑布,male,57,4,2023/4/1 8:35,0,0,0,安徽,中国,这是真的。我去哪都一定要进去看一下
年轻人为什么爱逛寺庙,22,4.89E+15,1c6yszrb3xp,female,444,1.1万,2023/4/1 8:31,0,3,2,河南,中国,为了寻找心里的安慰
年轻人为什么爱逛寺庙,22,4.89E+15,日光橙橙,female,412,154,2023/4/1 8:29,0,0,6,江苏,中国,记得当年读研，经常往鸡鸣寺跑，尤其是每投一篇论文就去一次，有时候为了一篇论文去个好几次，至于为什么往鸡鸣寺跑呢，谁让它离学校最近，只要步行过去，哈哈哈哈
年轻人为什么爱逛寺庙,22,4.89E+15,_讨厌学化学T_T,female,707,687,2023/4/1 8:29,0,0,0,山东,中国,逛了就逛了还问为什么 哪来那么多为什么
年轻人为什么爱逛寺庙,22,4.89E+15,用户7791664770,male,47,1,2023/4/1 8:27,0,0,0,浙江,中国,谁能不爱春日寺庙的浪漫啊啊啊啊啊，就像春日厨房一样
年轻人为什么爱逛寺庙,22,4.89E+15,是苏笙笙丫,female,339,3300,2023/4/1 8:25,0,0,0,黑龙江,中国,因为我会在做题和作弊之间选择做法
年轻人为什么爱逛寺庙,23,4.89E+15,是傻豆啊,female,143,87,2023/4/1 8:23,2,0,0,上海,中国,因为可以撸猫。我去寺院主要就是去找猫撸。经常去的几个寺院里的猫都认识我。
年轻人为什么爱逛寺庙,23,4.89E+15,顺顺橘,female,25,8,2023/4/1 8:17,0,0,0,辽宁,中国,咋不说说年轻人压力为啥那莫大
年轻人为什么爱逛寺庙,23,4.89E+15,小南瓜呀啦,female,474,223,2023/4/1 8:17,2,0,1,山东,中国,前两天刚给学生讲“为什么魏晋南北朝时期佛教盛行”，现在更加理解这个问题了。历史果然是个轮回
年轻人为什么爱逛寺庙,23,4.89E+15,妇产科的陈大夫,female,1237,241.3万,2023/4/1 7:30,4,26,133,江苏,中国,说到寺庙，我突然想和大家讨论一个拜佛的逻辑。大家求神拜佛，最基础的逻辑是什么呢？我想大部分人应该是有求于佛祖吧。从“升官发财考大学”，到“祈求平安健康”，其中心离不开一个“求”字，企图通过服从和祈求来换取自己的需求。有慷慨的，则会在许愿后留下香油钱。但仔细想想，这样和佛祖沟通的方式真的正确吗？设身处地的为佛祖想想，如果你是一个比人类强大很多的物种，你会在意人类的死活吗？我想答案是不会。就譬如人类之于蝼蚁。如果一个陌生人第一次见面就要求你帮他做事，甚至一厢情愿想用“不属于你这个世界的货币”来和你做交易，你的第一反应是什么呢？我的第一反应是愤怒。所以，即使这个世界有佛祖，大概也是不会帮我们的吧。求人不如求己，想要创造美好生活，还是得靠自己努力呀。PS.2年前我向财神许愿，要了5000工众号关注，然后这个愿望轻松就实现了。于是今年拜财神爷的时候，我许愿希望他再接再厉，再安排1万5关注给我。看到没有，都学着点！许愿就要许的很具体！许什么“平安顺遂”、“一切顺利”的宏观愿望啊，就算有佛祖诚心想帮，他也不知道怎么帮啊。不如就直接告诉佛祖你想要什么。这样你和佛祖的奋斗目标就都能具体了。懂？
年轻人为什么爱逛寺庙,23,4.89E+15,小凡7233,female,2033,2002,2023/4/1 6:42,0,0,0,河北,中国,人艰不拆。生活如此艰辛，年轻人有自己的不容易，逛逛寺庙不违法，何必还上大词条。年轻人也不是什么金刚不坏，万能之躯，坚持“你不必”，张扬个性……
为何寺庙旅游在90后00后中爆火,2,4.88E+15,sc不想煮饭,male,202,354,2023/3/26 23:45,0,1,6,上海,中国,今天的杭州被挤成了伉州… 春日的武林被暖成了捂您～ 杭州·西湖风景名胜区
为何寺庙旅游在90后00后中爆火,2,4.88E+15,邵先生-易学,male,1,47.3万,2023/3/25 9:12,2,4,20,广东,中国,虚拟世界的诱惑越来越大，离火运会推向高潮，人类未来对精神层面的要求越来越高  就好像近些年寺庙旅游越来越火热，火也主佛教、哲学类，未来出家当和尚都没那么容易
为何寺庙旅游在90后00后中爆火,2,4.88E+15,指尖de那阳光,male,406,20,2023/3/24 13:36,1,1,4,湖南,中国,青年人去寺庙烧香拜佛首先体现在社会快速发展与自身发展速度较慢之间的矛盾，快与慢不断冲击着年轻人的内心，再加上社会阅历不足，内心产生了一种困惑与迷茫，这种情绪不断发酵，年轻人的内心世界需要一个出口。其次，现在的寺庙与以往不同，它也随着时代不断进步与改变，加上网络媒体的渲染，吸引了一部分年轻人去，然后逐渐形成一种潮流趋势，即“赶潮流”。再次，马克思曾经说过，要求抛弃关于自己处境的幻想，也就是要求抛弃那需要幻想的处境。我们需要透过现象看本质，而不是单纯的指责“年轻人迷信或者躺平”，而需要关注青年人在发展过程中精神世界所遇到的困境，我们当然要做坚定的唯物主义者，但是唯心主义并不是一无是处，它体现着一种情感的寄托与需求，所以究其根本，我们需要了解的是年轻人到底需要什么以及当前的年轻人正面临多么样的困境。最后，青年人是国家的栋梁，将年轻人培育成为有远大志向却又脚踏实地的人，这是一条较为漫长与充满挑战的道理，我们应该一切从实际出发，从实践中了解，从生活中观察，真正地了解青年一代的追求与理想，然后更好的引导年轻一代为实现中华民族伟大复兴而奋斗。
为何寺庙旅游在90后00后中爆火,2,4.88E+15,我们村的致富带头人,male,605,876,2023/3/24 1:30,0,7,9,上海,中国,最近看到网上很多人批判年轻人不努力，去烧香拜佛。作为一名刚踏出校园的年轻人，真的很难理解为什么会有这么多对年轻人的指责，恰逢春游时刻，也看到不少朋友晒出自己的春游照片，回想了一下自己最近的生活，自从去年10月5号国庆假期回来上海后，就再也没离开过上海，那时候还是在疫情放开之前，还是需要核酸➕绿码的时代，这半年以来，除了一次新冠感染两天没有工作算上一次双休吧，再也没有体味过双休的滋味，甚至两周休息一次（11—2—13），春节期间更是连上21天班，一周能够按时休息一天已经很知足了。生活的重担已经压的年轻人难以喘息，请各位专家们不要再理所当然的指责我们
为何寺庙旅游在90后00后中爆火,2,4.88E+15,CoCovsFuture,male,380,92,2023/3/23 19:40,1,3,2,上海,中国,佛系青年逛西湖周边[看涨]如何一天走完8个寺庙，攻略给你准备好了，甘宽出发吧
为何寺庙旅游在90后00后中爆火,3,4.88E+15,桂林刚哥,male,207,211,2023/3/22 18:25,0,1,1,广西,中国,80后--05后，从热搜看懂社会
为何寺庙旅游在90后00后中爆火,3,4.88E+15,刘运泽的旅行故事,male,851,26.4万,2023/3/22 16:41,1,1,2,北京,中国,在川渝一带的石窟中，保存较好的千手观音像数量不少。安岳的卧佛沟、千佛寨，富顺的罗汉洞，资中的重龙山，夹江的千佛岩等处的石雕千手观音像都是较为出色的作品，但都不及大足宝顶千手观音规模之宏大、工艺之精美、影响之深远。 千手千眼千变万化，雕山刻石雕刻时光
为何寺庙旅游在90后00后中爆火,3,4.88E+15,一个有意思的作者叫书山,male,21,2,2023/3/22 8:20,0,0,2,河南,中国,有些媒体瞎评论，只忧心忡忡年轻人不上课不上进只上香，为什么不去想想他们在求什么？！他们为什么求神拜佛？！ 是他们错了，还是哪儿错了？！
为何寺庙旅游在90后00后中爆火,3,4.88E+15,mmsohot_,female,165,6,2023/3/21 23:25,1,0,1,广东,中国,在上进和努力之间选择了做法🙏🙏🙏 逢考必过
为何寺庙旅游在90后00后中爆火,3,4.88E+15,Job聊元宇宙NFT,male,67,1万,2023/3/21 23:02,0,0,0,北京,中国,和尚本质上是有编制的特殊职业，传统佛道宗教，经过千年来的打压磨合，已经洗去棱角，是非常适应世俗生活的。宗教场所到今天也在社会中发挥很复杂的作用，一场庙会谁来办，一柱头香谁能点，比一场乡村干部选举还能决定乡村生活的秩序。
为何寺庙旅游在90后00后中爆火,3,4.88E+15,音之涟漪,female,273,623,2023/3/21 21:08,0,0,4,上海,中国,听听上香者向佛菩萨祈求什么，就知道现实匮乏什么。
为何寺庙旅游在90后00后中爆火,4,4.88E+15,行走的丁大大,male,18,162.2万,2023/3/21 18:05,0,0,1,山东,中国,去 郊游、观景，这在哪代人里都从未淡过吧。除了年轻人承担不少压力寻求慰藉外。很多人会穿汉服服饰去到寺庙，拜佛、求签，觉得寺庙更适合汉服穿搭氛围，配上四季不同的寺庙风景，出片效果绝佳。我就在杭州，北京等地的寺庙里见过不少年轻人，身着汉服，非常雅致。其实，甭说  很多人觉得生活坎坷时，也会去寺庙拜拜，求玄学能帮到自己。你看各个寺庙内鼎盛的香火便可知。况且，寺庙大多处于风水宝地，依山傍水，加上不同风格的历史建筑，偶然还能观赏到非遗建筑（艺术），很多寺庙内的斋饭味道比饭馆强。这不比去假历史景点有趣？
为何寺庙旅游在90后00后中爆火,4,4.88E+15,余悦玄音,female,137,203,2023/3/21 17:11,1,0,0,广东,中国,如果没有宗教信仰但是想增加福德，可以去寺庙吃斋饭，或是周末做义工。
为何寺庙旅游在90后00后中爆火,4,4.88E+15,福建乐谷食品,male,31,4,2023/3/21 15:53,0,0,0,福建,中国,食时通食品招商平台上最受欢迎品牌———欧其乐👏
为何寺庙旅游在90后00后中爆火,4,4.88E+15,桃子姑娘爱吃桃儿,female,128,44,2023/3/21 12:56,0,0,3,新疆,中国,环境安静使浮躁的心得以休憩，青山绿植可以暂时逃离喧嚣的城市；生活的基础需要城市提供经济来源，心灵的救赎需要去寺庙寻找。
为何寺庙旅游在90后00后中爆火,4,4.88E+15,青海冬虫夏草专家,female,722,5.2万,2023/3/21 11:48,0,0,3,上海,中国,“软黄金”养生第一花🌸  藏红花，每日喝水必备！ 美容，养颜，祛斑，活血化瘀，补气血！
为何寺庙旅游在90后00后中爆火,4,4.88E+15,觅U-社交平台,female,62,2886,2023/3/21 11:13,0,0,0,广东,中国,再泥泞不堪的生活，也值得一把小花的慰藉，经历生活的泥泞，也要懂得欣赏花草生物的温柔。
为何寺庙旅游在90后00后中爆火,4,4.88E+15,黄祖维HZW,male,632,126,2023/3/21 10:04,0,1,0,湖南,中国,日常 古村的桃花，以临水的姿态最佳：夹岸桃花蘸水开，花枝斜伸到水面，温柔地蘸着水。于是乎，就有了“桃花水”，古人说的“桃花水”是指桃花开时的潮汛：“‘仲春之月，始雨水，桃始华。’盖桃方华时，既有雨水，川谷冰泮，众流猥集，波澜盛长，故谓之桃华水耳。”（颜师古，《月令》注）这个时节，最适宜放舟远游，舟行于桃花水上，任意东西，直至“行尽青溪不见人”。在饱满的春光里，什么都不想，什么都不做，甚至不去感觉，只单纯存在着。遥想李白当年去戴天山访道士，遇见的或许是相似的情景吧，他的诗这样写：“犬吠水声中，桃花带雨浓。林深时见鹿，溪午不闻钟。”后来，他在《下途归石门旧居》一诗又写桃花：“石门流水遍桃花，我亦曾到秦人家。”我想，诗人在文字中酿的，实则是心灵的桃花，故而又绽放于《山中问答》一诗：问余何意栖碧山，笑而不答心自闲。桃花流水窅然去，别有天地非人间。在碧山，随桃花流水一同归去的，是隐逸，是超脱。这里的“窅”字，有深远、岑寂的意思，仔细读，又有些惘然的惆怅。诗人深知，桃花的花期短，三四天功夫就落了，花红狼藉，缤纷满地，像《桃花扇》的唱词：暗红尘霎时雪亮，热春光一阵冰凉。所以，见花人要警醒：若待皆无事，应难更有花。（李昌符，《赠同游》）不要等万事都安排妥当了，才去见花，春花太短暂了，来不及的。同理，迫切想要见的珍贵的人，和想要去见的花一样，都无需万事俱备了才去见。春花开时，必要且迫切的是：只须看尽洛城花。春不长久也罢，急需离别也罢，对当下能把握的，要尽力去争取，哪怕只争取到几天，甚至一天、一时、一刻，也绝不要丧气。之后，我们要和珍贵的人一道，将每个园子的花、每一朵花都看尽，如此，便可了无遗憾。而此后漫长的日子，都只是为了追忆那闪光的瞬间而存在——树入床头，花来镜里，草绿衫同，花红面似。
为何寺庙旅游在90后00后中爆火,4,4.88E+15,湖南湘乡法院,male,311,1207,2023/3/21 8:05,0,38,19,湖南,中国,早安 早安！ 对自己温柔以待，生活更加美好~
为何寺庙旅游在90后00后中爆火,5,4.88E+15,用户7577107977,female,48,1,2023/3/21 7:47,0,0,2,四川,中国,"n .n   t, jvv小k"
为何寺庙旅游在90后00后中爆火,5,4.88E+15,Mia_缺故事,female,47,2,2023/3/21 7:31,0,0,0,北京,中国,去寺庙旅游，悄悄在年轻人当中流行起来。原来我心归出不过一片安宁之地。主播的分享就是人间清醒，摇醒了迷茫中的我，非常感谢～ 很喜欢上花间一壶小酒的节目，快来听一听吧!（分享自） 稻香村|少年不知愁滋味，清净之地好读书（分享自）
为何寺庙旅游在90后00后中爆火,5,4.88E+15,绝不躺尸的咸鱼,female,196,2.2万,2023/3/20 19:52,0,0,0,山东,中国,📖 没有永远的巅峰 也没有永远的低谷 无论正在经历什么，都不能轻言放弃，调整好自己的状态，用心生活，努力向上
为何寺庙旅游在90后00后中爆火,5,4.88E+15,安康中院,male,848,4.1万,2023/3/20 9:01,0,117,50,陕西,中国,很多时候，人生最大的失败并不是没有成功，而是从未尝试过。生命只有一次，别浪费在说“我害怕”“我不行”上。用尽全力，去做你想做的事，去成为你想成为的自己。新的一天，早安！ 早安心语
为何寺庙旅游在90后00后中爆火,5,4.88E+15,卯力2020911,female,234,114,2023/3/20 15:01,0,1,3,广东,中国,诈骗百亿，至今不还钱不担责，诈骗媒体道德沦丧！ 保护伞，诈骗帮凶，必须担责赔偿！值得深思！
为何寺庙旅游在90后00后中爆火,5,4.88E+15,曼瑞亚品牌官方,female,161,4,2023/3/20 13:59,0,0,0,广西,中国,其实久坐不止容易感染炎症🙏，也会影响卵巢血液循环，造成卵巢功能下降👸。所以备孕女性一定要避免久坐🌸。
为何寺庙旅游在90后00后中爆火,5,4.88E+15,盛夏海棠暮,female,281,16,2023/3/20 10:49,0,0,0,山东,中国,觉受会改变，二悟道是很不容易改变的。什么叫悟道？就是我悟出这个道理之后，这条路我准备走下去，我觉得这条路是正的，就不大会改变了。舞蹈就是开悟。要把它应用到现实生活党政，嘴巴里讲的再好，我一切无所谓，而真正遇到事情时就会跳起来。犹如你们在家里看见孩子跟你闹的时候，你能够忍耐得住吗？忍耐，是从内心出来的，是靠你悟出这个道理而克制自己，到最后身体就会出毛病了，什么心脏病、血压高都出来了。
为何寺庙旅游在90后00后中爆火,6,4.88E+15,默言-0007,female,215,694,2023/3/20 10:13,0,2,4,河北,中国,中国 句句打动人心：锦瑟无端五十弦 ，一弦一柱思华年。我与春风皆过客，你携秋水揽星河。无可奈何花落去，似曾相识燕归来。纵里寻他千百度，蓦然回首，那人却在，灯火阑珊处！山有木兮木有枝，心悦君兮君不知。金风玉露一相逢，便胜却人间无数。云想衣裳花想容 ，春风拂槛露华浓。落霞与孤鹜齐飞，秋水共长天一色。
为何寺庙旅游在90后00后中爆火,6,4.88E+15,黃黃黃H黃大寶子,male,980,929,2023/3/20 0:36,0,0,2,北京,中国,你告诉我 ✨✨✨ 星星很高   北京·北京林业大学
为何寺庙旅游在90后00后中爆火,6,4.88E+15,乐夏和,female,85,2,2023/3/19 19:44,0,0,1,安徽,中国,江歌妈妈诈骗这件事什么时候处理江歌妈妈什么时候抓老姜江歌妈妈什么时候公布全部卷宗
为何寺庙旅游在90后00后中爆火,6,4.88E+15,师者刘源泉,male,3192,31.3万,2023/3/19 16:37,0,0,2,湖北,中国,[咖啡]好看，惊叹
为何寺庙旅游在90后00后中爆火,7,4.88E+15,韶润珠江,male,839,836,2023/3/19 8:57,0,0,3,广东,中国,平淡的日子里，一朵花就是美好，足以惊艳你的岁月；一句温暖的话就是幸福，亦可温暖你的世界。 各位早安！ 韶关·怡馨酒店
为何寺庙旅游在90后00后中爆火,7,4.88E+15,深圳南山第一上单,female,228,57,2023/3/18 23:02,0,0,0,北京,中国,今儿听到有句话叫“菜花黄，痴子忙”，难怪最近本人不得劲
为何寺庙旅游在90后00后中爆火,7,4.88E+15,封印的沙漏321,female,491,36,2023/3/18 22:42,0,1,1,福建,中国,鼓浪琴声，白鹭和鸣…… 厦门的浪漫从来不止海，恰好此时，两手空空 才无限拥有～ 厦门·厦门中山路步行街
为何寺庙旅游在90后00后中爆火,7,4.88E+15,执me不悟的波澜,male,572,360,2023/3/18 22:26,1,1,2,江苏,中国,扬州观音山原为隋炀帝行宫“迷楼”，后历代在此建寺，有“第一灵山”，是扬州的自然制高点。可以远眺江淮，一览无余。今日的观音寺，是江苏省重点文物保护单位，香火旺盛，香客络绎不绝，是登高望远的好地方 扬州·观音山
为何寺庙旅游在90后00后中爆火,8,4.88E+15,Freedom行者,female,577,78,2023/3/18 20:12,0,0,1,广东,中国,因为内耗重了。  人就是这样一种生物，这是现代化的病，在以前没吃饱的时候上寺庙求的是温饱。  现在不饿了，但孤独了，精神世界一片杂乱有异常干枯。  去寺庙求得就是安宁。  安宁后才自由。
为何寺庙旅游在90后00后中爆火,8,4.88E+15,倒数叁二壹,male,71,586,2023/3/18 15:37,0,0,0,福建,中国,//://://://·ineffable:感谢 的分享，心似骄阳如火般绚烂，与-宋亚轩 -张真源 一起畅饮冰红茶，灌溉出属于你的梦想吧！💙💚
为何寺庙旅游在90后00后中爆火,8,4.88E+15,摘星楼主Tang,female,422,179,2023/3/18 12:50,0,3,0,陕西,中国,2023.3.18 神剧 西安
为何寺庙旅游在90后00后中爆火,8,4.88E+15,CSR2-龍loong,male,81,46,2023/3/18 12:38,0,0,3,陕西,中国,更新的活动汇总表，有兴趣的别错过
为何寺庙旅游在90后00后中爆火,8,4.88E+15,三月Niko,female,122,59,2023/3/18 1:14,0,0,0,上海,中国,知不可乎骤得 托遗响于悲风
为何寺庙旅游在90后00后中爆火,9,4.88E+15,Able治愈日记,male,19,39.8万,2023/3/17 19:15,0,0,0,广东,中国,不懂的不要乱说，懂的也不要和别人多说，不招人讨厌，也不招人喜欢的状态就刚好合适
为何寺庙旅游在90后00后中爆火,9,4.88E+15,九龙小霸王cucn,female,1816,504,2023/3/17 17:43,0,1,0,山东,中国,孩子们也渐渐发现很多事情光依靠自己的能力是没有办法解决的，我们需要把其交给时间，交给信仰，交给另一种寄托，才能在生活里获得一些喘息的时间。 但这不代表着我们在消极的等待和期盼，只是因为我们慢慢成熟了，学会了有节奏地去生活。以前总觉得生活里的麻烦需要今日事今日毕，后来才发现很多事也许终其一生都没有办法解决。如果一直让烦恼在心头萦绕，那必将夜不能寐食不知味。很多时候烦恼本身的杀伤力并不大，大的是人的臆想。想象是没有边界的，有时光靠想就能把人吓死是真的。洛阳·白马寺
为何寺庙旅游在90后00后中爆火,9,4.88E+15,CSR2-龍loong,male,81,46,2023/3/17 17:10,0,0,1,陕西,中国,新赛季的日常任务新加入了比赛双方的姓名，车队等信息，挺好！加油＾０＾~
为何寺庙旅游在90后00后中爆火,9,4.88E+15,泰明居士文化,male,191,11.9万,2023/3/17 12:21,2,0,2,云南,中国,希望年轻人烧香拜佛不要沉迷与表面与形式。那就没有意义了。应该看些金刚经。心经，楞严经这些白话文。烧香拜佛是带来表面的安慰。内心的平静需要真正的去理解。手戴佛珠，心里无佛的人太多了【】去寺庙旅游，悄悄在年轻人当中流行起来，除了海滨度假、主题乐园等旅游打卡点，越来越多年轻人将放松身心的方式寄托在了寺庙。数据显示，今年2月以来，预订寺庙景区门票的人群中，90后、00后占比接近50%。
为何寺庙旅游在90后00后中爆火,10,4.88E+15,月下归兮,male,121,3,2023/3/17 10:16,0,0,0,浙江,中国,因为现实中自己无法实现的事儿，只能求神拜佛了
为何寺庙旅游在90后00后中爆火,10,4.88E+15,默言-0007,female,215,694,2023/3/17 8:44,0,1,2,河北,中国,中国 总有些相遇，惊艳眼眸；总有些相逢，温暖了岁月。
为何寺庙旅游在90后00后中爆火,10,4.88E+15,一只文案鸭ga,female,64,32,2023/3/17 8:32,0,1,7,重庆,中国,春风喝不了烈酒 因为它适合温柔 夏日吃不了软糖 因为它适合热烈 原创诗词古风诗爱好者文案
为何寺庙旅游在90后00后中爆火,10,4.88E+15,爱茉莉77265,male,47,3,2023/3/17 6:45,0,0,0,黑龙江,中国,心里有热爱，眼中有光芒。全力以赴，活成自己喜欢的样子！早安朋友~
为何寺庙旅游在90后00后中爆火,10,4.88E+15,过期氟西汀·21,female,205,228,2023/3/16 23:11,0,1,1,北京,中国,首先你要开心 其次都是其次  日常 北京
为何寺庙旅游在90后00后中爆火,10,4.88E+15,饭要早早吃呀-,female,18,132,2023/3/16 22:23,0,1,1,贵州,中国,假装会弹 黔南·贵定县实验第四小学(二小分校)
为何寺庙旅游在90后00后中爆火,10,4.88E+15,青青壁纸馆,female,841,4920,2023/3/16 21:18,1,2,4,上海,中国,朋友圈壁纸背景图简约祝我生日快乐  🎂3月17日生日日历图  ˗ˋˏ🎂ˎˊ˗  𝗛𝗮𝗽𝗽𝘆  𝗯𝗶𝗿𝘁𝗵𝗱𝗮𝘆ོ²⁰²³‧⁰³‧¹⁷ 每天有每天的快樂 今天是生日快樂🎂 &quot;得偿所愿 平安囍樂 萬事貹意&quot;
为何寺庙旅游在90后00后中爆火,10,4.88E+15,木木命礼,female,1707,22.2万,2023/3/16 13:34,5,1,17,浙江,中国,我这辈子从来没有在意过，男人会不会聊天这个事，不会聊就不会聊呗，无所谓啊，因为我会聊。普女为什么特别在意男人会不会聊天，因为她们智商情商都不行呗，垃圾，低能，所以只能指望着对方带领着她，给她提供情绪价值，完了还希望男人给他付出物质这个那个的，凭什么？人家前世欠了你的？
为何寺庙旅游在90后00后中爆火,11,4.88E+15,塔罗佳佳,female,61,114,2023/3/16 12:03,0,0,0,浙江,中国,【】去寺庙旅游，悄悄在年轻人当中流行起来，除了海滨度假、主题乐园等旅游打卡点，越来越多年轻人将放松身心的方式寄托在了寺庙。数据显示，今年2月以来，预订寺庙景区门票的人群中，90后、00后占比接近50%。年轻人们正在成为点燃寺庙旺盛香火的主力。据平台数据显示，周末是年轻人们去寺庙的热门时段。除节假日外，近三个月周末的寺庙相关景区门票日均订单较平日订单均量呈现翻倍增长。最近的一个周末（2月18日-19日），增幅更是达到150%。作为对比，以主题乐园为例，相关景区门票上周末日均订单量较平日订单均量的增幅为75%。此外，今年以来，寺庙相关景区门票订单量同比增长310%。从搜索热度来看，近期关注度较高的寺庙景区分别是：灵隐寺、普陀山风景区、寒山寺、雍和宫、佛光寺、白马寺、大雁塔、鸡鸣寺、少林寺、布达拉宫。
为何寺庙旅游在90后00后中爆火,11,4.88E+15,另一个波,female,40,2,2023/3/16 8:46,0,1,0,四川,中国,我想携着你的手，往明月多处走
为何寺庙旅游在90后00后中爆火,11,4.88E+15,Mu啊Mu_,female,392,204,2023/3/16 8:44,0,0,0,江苏,中国,生活与工作压力大是真的，无能为力也是真的，我愿称之为信仰与初心。法物流通都是自愿求与不求、去与不去，谈什么商业不商业。没有信仰的人更别站至高点对别人的行为进行指手画脚，管好自己已经是人生赢家了。
为何寺庙旅游在90后00后中爆火,11,4.88E+15,阿平全案设计,female,118,135,2023/3/16 7:43,0,0,0,广东,中国,90后00后大体还没有成家，成家的人基本忙于柴米油盐，无暇其他的
为何寺庙旅游在90后00后中爆火,11,4.88E+15,林枫79坏男,male,1981,1491,2023/3/15 21:02,0,0,0,河南,中国,现在的人有事没事都喜欢转转看看，洛阳偃师的牛心山上有个寺庙，很多善男信女去山上烧香，这里呢，也不乏有些年轻的情侣，看样子也是80.90后的人，他们到这里也是虔诚祭拜，然后打卡拍照、这也是现在流行的打卡拍照吧！生活碎片日记户外[超话]我是本地分享家生活记录#
为何寺庙旅游在90后00后中爆火,12,4.88E+15,ATUHHH兔兔,female,159,6万,2023/3/15 13:42,0,6,24,广东,中国,突然想到一句话：在努力和坚持之间选择了做法  还有“知道靠自己没有用，只能靠神了”，“要不怎么说90后和00后是佛系青年呢”  据说被香火烫到手起泡了，代表神明知道了
为何寺庙旅游在90后00后中爆火,12,4.88E+15,普通谭,female,12,11.8万,2023/3/14 9:48,7,0,19,广东,中国,有威仪者，贵气自得。所谓贵气，必然离不开威仪，威仪，是正气，是无愧，是神足，有威仪者，不争自得，得亦能稳。就如日常生活中，有些人即使不言语，不声张，只是存在，足以让人尊敬且收敛，如果欠缺威仪庇护，即使一时幸运受到某人某境的保护，一旦脱离这个境，就容易陷入被动位置，受制于人。有威仪者，很容易让心中不正的人敬而远之，即使温和静谧，这种磁场也会给人难以掩盖的“力压”感，因为邪不压正，总觉得他有靠山，但很多时候，可能他最大的靠山还是自己与生俱来的威仪与正气。这并非代表孤寡，能近身的，必然也是品行端正的。威仪，多为天成，如若说后天补足，也可以稍稍修正，1. 在难以控制的局面中，势能走弱时，勿要胆怯，勿要以卵击石，以不变应万变，不良外因会自动剥落，合适助力会锦上添花。2. 只控制自己能控制的，不控制自己不能控制的，想控制别人，反容易受制于人。3. 保持一身正气，但凡行事，都要求个问心无愧，如此，日后立场摇摆时，回顾发心，立马重回正轨，因为“没啥可怕”。4. 知己知彼，在人际交往中，先知道自己要什么，原则是什么，再与人交往，能避免在众多意见中丢失主场，这时，再多人，也是一个人，一对多，也是一对一。5. 言必行，行必果，不轻言，不轻诺。6. 姿态端正，身正，能带动心正，同理，心正，亦能带动身正。愿小伙伴们通透明媚，智慧具足❤️
为何寺庙旅游在90后00后中爆火,12,4.88E+15,天官玉琯,male,63,254,2023/3/14 20:30,1,1,4,湖北,中国,天乙贵人与天德，月德的区别八字当中天乙贵人和天月德贵人都代表受人帮助转危为安的能力，但是他们的区别在哪儿呢？首先八字当中光神煞就有100多种，其中绝大多数的能量非常小，我们可以直接忽略掉，但这三个对我们的影响非常大，会对我们人生产生很大的作用，首先这三个贵人都不是具象化的一个人。天乙贵人他主要是用来应急的，平时没有什么作用，比如说我们自己买车买房，可能首付差点钱，这个时候就会有人站出来帮助我们，或者我们遇到什么急事儿，这个事情会发生改变，然后把我们这个急事给解决掉。而天月德贵人他更多倾向于是源源不断的长期的一种庇佑。比如说这种人他从小就比较受老师的喜欢，上班之后呢领导也特别关照，同事也喜欢给自己带个早餐或者下班捎自己一程。而且有天月德贵人的人他比较容易受到长辈的一个恩惠，比如说可能自己长辈会给自己留个房子，留个车啊，或者是也能得到自己配偶家庭的一些助力。所以说他更倾向于是时时刻刻在发生，隔三差五就能受到帮助的一种贵人。星座
为何寺庙旅游在90后00后中爆火,13,4.88E+15,摸鱼日常吧,female,199,10.4万,2023/3/14 18:03,0,0,1,广东,中国,70后准备养老，80后为了养家，90后00后搞没发养老，搞钱搞不到，因为觉得靠自己没用了，只能考神了，要不怎么说90后00后是佛系青年呢，我们这代人主打的就是一个真诚，先感动自己在感动上天，我们在努力和坚持之间选择了做法，有了心灵寄托。
为何寺庙旅游在90后00后中爆火,13,4.88E+15,河口广电,male,949,6.9万,2023/3/14 17:51,0,208,52,山东,中国,晚安 今日依旧是提前晚安啦 愿今日的疲惫能成就更好的自己 晚安 那疲惫又努力的人啊
为何寺庙旅游在90后00后中爆火,13,4.88E+15,数星星的心理人,male,1507,4万,2023/3/14 16:35,0,2,7,重庆,中国,看来“佛系”不仅仅停留在表面 更多的在于行动了 对于现在年轻人来说 压力其实还是挺大的 通过寺庙也给自己精神慰藉 至少让心灵有一个寄托
为何寺庙旅游在90后00后中爆火,13,4.88E+15,老周谈股论市,male,471,1340,2023/3/14 14:34,0,0,3,广东,中国,MACD指标的海底捞月 如上图所示，海底捞月icon指的是白色 DIF 线在 0 轴一下产生二次金叉，表明该股底部已经完  成筑底icon，开始走出底部，当入场信号出现的时候，可以择机介入。
为何寺庙旅游在90后00后中爆火,13,4.88E+15,c你的小星星c,male,253,110,2023/3/14 12:17,0,0,0,北京,中国,愿你走过一场青春，还留有三分纯真
为何寺庙旅游在90后00后中爆火,13,4.88E+15,石泡泡大仙,female,721,12.9万,2023/3/14 12:16,0,1,0,江苏,中国,正确的抒发情绪，才能让我们清爽的面对世界，专注的对待工作，真诚的拥抱生活，花里胡哨的情绪技巧从来抵不过本真的力量，再相信自己一些，再享受世界一些！🍃🍃🍃 苏州·西园寺
为何寺庙旅游在90后00后中爆火,14,4.88E+15,Rachel瑞秋cqy,female,311,1196,2023/3/14 11:38,0,0,0,内蒙古,中国,渐行渐远渐无书，水阔鱼沉何处问。 兴安·葛根庙
为何寺庙旅游在90后00后中爆火,14,4.88E+15,假象s1,female,70,10,2023/3/14 9:53,0,2,3,北京,中国,世间万物离我们渐行渐远时，也就是孤身前行接受新事物的开始， 北京·北京世界花卉大观园
为何寺庙旅游在90后00后中爆火,14,4.88E+15,情缘心语,male,746,1588,2023/3/14 8:32,0,0,0,福建,中国,王子情缘语录﹊﹊﹊﹊善良，是人性品质中的最美丽的花朵。我们有必要拥有这朵灿烂温暖的花朵，在我们人生历程中，一路互相温暖。
为何寺庙旅游在90后00后中爆火,14,4.88E+15,安康政法,male,4385,16.3万,2023/3/14 7:31,4,55,67,陕西,中国,我们永远不会知道圆周率的所有数字。然而，那些数字就在那里，等待着被发现。 各位，早安  早安
为何寺庙旅游在90后00后中爆火,15,4.88E+15,用户5269840015,female,354,82,2023/3/13 21:28,0,0,0,黑龙江,中国,春色.海棠 寒梦 一树花开一树俏， 俏娇佳人桃花笑。 笑开海棠春依旧， 旧时春风亦妖娆。
为何寺庙旅游在90后00后中爆火,15,4.88E+15,都虚山人,male,157,1.8万,2023/3/13 20:28,0,3,8,湖南,中国,被夹了，这样看得见吗？
为何寺庙旅游在90后00后中爆火,15,4.88E+15,柏宝贝儿er,female,231,179,2023/3/13 15:41,0,0,8,上海,中国,第一次大部队旅行 全程都在哈哈哈哈哈哈 期待下次啦  杭州·灵隐寺
为何寺庙旅游在90后00后中爆火,15,4.88E+15,爱的天灵灵9972,female,359,27,2023/3/13 14:45,0,0,0,河南,中国,你好，你找我们老大吗？他正在工作，我可以帮你告诉他，可是你要给我买瓶葡萄糖水，我要原味的哟[奸笑]
为何寺庙旅游在90后00后中爆火,16,4.88E+15,芒果初色,female,310,528,2023/3/12 23:19,0,0,0,福建,中国,泉州街头走一走，承天寺&amp;开元寺~ 看着人山人海的开元寺，我们果断撤离去了承天寺，和朋友聊起微博上的话题“为何寺庙旅游在90后00后中爆火”，我说他们终于意识到靠自己是行不通的，于是在做题和作弊之间选择了做法，相信老天爷
为何寺庙旅游在90后00后中爆火,16,4.88E+15,墨上尘,female,92,1237,2023/3/12 18:31,0,0,0,广东,中国,有没有喜欢去博物馆的。几年前有一次去马鞍山，无意间去了当地的博物馆逛了逛，因为时间充足，逛的比较仔细，了解了当地的民风民俗，特别是看到古代做食物的各色器皿，和当时各种烹饪的手法，脑补了很多当年的景象，很是满足。后来就一发不可收拾。
为何寺庙旅游在90后00后中爆火,17,4.88E+15,爱吃Tom的小杰瑞,female,359,1.1万,2023/3/12 1:25,0,0,4,广东,中国,黑夜迷恋光。  365日碎片
为何寺庙旅游在90后00后中爆火,17,4.88E+15,乙辰说,female,53,6636,2023/3/11 22:24,1,0,4,上海,中国,副标题应该起一个：致我们无处安放的食伤一方面，这当然呼应着离九的到来，火，是文化之火，文明之火，也有zong jiao思想等各种思想碰撞的火花的意思。另一方面，是现实层面太过于困难，而人总要去给自己寻求一些希望，如果说“熬过今年/这个大运就会好”是吊在驴子前面的胡萝卜，那么每一个负重蹉跎的人，都还得保留着这份希望，毕竟油枯灯灭，没有了心中那点跳跃的火苗，生活也仅仅是活。和寺庙旅游爆火相对应的，其实，多看一些“杂书”，比如一些历史类的、zongjiao类的、人物传记类的，也可以有效化解一部分这个问题。以及，要始终相信：你会成功，这是我在“小辰下午茶”话题里说过的，保持良善，终会成功。
为何寺庙旅游在90后00后中爆火,18,4.88E+15,山鹿行,male,45,776,2023/3/11 8:58,0,0,1,重庆,中国,在重庆有数不清、道不尽的专属浪漫  花与温柔，动物园都自给自足  重庆·重庆动物园
为何寺庙旅游在90后00后中爆火,19,4.88E+15,中青网校园通讯社,male,1214,45.2万,2023/3/10 20:11,0,33,12,山东,中国,去寺庙旅游，悄悄在年轻人当中流行起来，呢
为何寺庙旅游在90后00后中爆火,19,4.88E+15,一朵小神婆,female,28,4.5万,2023/3/10 8:51,5,20,78,河南,中国,辛金人个性柔戾，有纠缠到底的能力，喜欢珠宝首饰，爱面子，虚荣心强，喜欢被人吹捧，不喜欢被指点、批评，不达目不罢休，论手段的话，庚金不如辛金。日常好运
为何寺庙旅游在90后00后中爆火,19,4.88E+15,風公子__,female,383,560,2023/3/10 16:45,0,0,3,河南,中国,我赞赏了  100积分，觉得ta创作的内容很不错，略表心意!
为何寺庙旅游在90后00后中爆火,20,4.88E+15,Able治愈日记,male,19,39.8万,2023/3/10 0:22,0,0,0,广东,中国,人生都是在渡人渡己，对遇到的人心存善意，其实也是对自己善意，就好像照镜子一样，你对镜子里的人微笑，你看到的也是微笑，发自内心的和假装的都会如实反馈到自己身上，所以其实想要的答案每个人心里都知道
为何寺庙旅游在90后00后中爆火,20,4.88E+15,青岛环保,male,2629,36.1万,2023/3/9 21:30,9,47,42,山东,中国,晚安 看过的风景，能滋养你的心灵；规律的作息，能滋养人的身体；读过的书，能滋养人的灵魂；生活的经历，可以滋养你的精神。愿你不负当下每一份遇见！  图源：视觉中国
为何寺庙旅游在90后00后中爆火,20,4.88E+15,猪野正哉,male,1954,4444,2023/3/9 22:07,0,0,4,四川,中国,《相棒》第二十一季主演: 水谷丰共演：寺胁康文 / 森口瑶子 / 川原和久 / 山中崇史 / 筱原友希子 / 山西惇 / 田中隆三 / 神保悟志 / 小野了 / 片桐龙次 / 仲间由纪惠 / 杉本哲太 / 石坂浩二ps:个人认为本季算得上是该系列最近几年最好看的一季了，每一集的剧情不仅推理都是那么接地气，鸡汤也是恰到好处。
为何寺庙旅游在90后00后中爆火,20,4.88E+15,远行的悟匠,male,18,2,2023/3/9 21:46,0,0,0,浙江,中国,去爱，去追逐，去不顾一切的虚度此生吧，因为我们终将失去，失去一切的美好，失去最后一口有温度的呼吸。 金华·凌云6区
为何寺庙旅游在90后00后中爆火,21,4.88E+15,幼儿园的糊涂鬼,female,17,3,2023/3/9 19:51,0,0,2,贵州,中国,黄墙 红瓦 吾求皆吾愿
为何寺庙旅游在90后00后中爆火,21,4.88E+15,俞小瑜Jennifer,female,518,91,2023/3/9 19:09,0,28,17,山东,中国,阳光信用    一个人只要努力去做他能够做的事，他的能力就能达到惊人的地步，如果你在压力之下，应该做到不顾困难，利用这种压力去使你做得更好
为何寺庙旅游在90后00后中爆火,21,4.88E+15,老周在股海,male,982,26.5万,2023/3/9 14:49,0,1,3,湖南,中国,支撑、支撑位、支撑线和压力、压力位、压力线切线理论之所以有效，是因为切线具有支撑和压力的作用。理解支撑和压力的含义是掌握切线分析方法的基础。支撑又称抵抗，是价格下跌到某个价位附近时，会产生实际的或潜在的买方增加、卖方减少的情况，从而暂时阻止价格继续下跌，甚至有可能回升，即该价格附近是一个“集中需求区域”，起支撑作用的该价位就是支撑位（抵抗位），从支撑的角度，支撑线（抵抗线）是一个支撑位的水平线或几个支撑位的连线。压力又称阻挡，是指股价上涨到某个价位附近时，会产生实际的或潜在的卖方增加、买方减少的情况，从而暂时阻止价格继续上升，甚至回落，该价格附近是一个“集中供给区域”，起阻力作用的该价位就是压力位（阻力位），从压力角度出发，压力线（阻挡线）主要是一个压力位的水平线或几个压力价的连线。支撑线和压力线都可以称为抵抗线，支撑线是下抵抗线，压力线、阻力线是上抵抗线。从某个角度来看，支撑和压力是市场价格波动的现象，即当价格走势波动至某一价格水准处，就不再继续上升或下跌，或者横向运动或者反向运动，好像该价位处存在某种力量，可以改变价格波动的趋势，这种力量就是支撑或者阻力。
为何寺庙旅游在90后00后中爆火,21,4.88E+15,木木命礼,female,1707,22.2万,2023/3/9 14:02,2,2,12,浙江,中国,今天容易遇到不好说话的人，而且容易遇到奇葩，因为丙寅日，寅里面有偏印。
为何寺庙旅游在90后00后中爆火,21,4.88E+15,骑纪不倒温,male,826,67.1万,2023/3/9 13:09,0,1,2,安徽,中国,执行力这块我一直很佩服我自己，从决定花50万改装咖啡机车到买车就2天时间，昨天知道能考C6今天直接冲安徽来考驾照了 池州
为何寺庙旅游在90后00后中爆火,21,4.88E+15,孙琳Angelina,female,267,24.2万,2023/3/9 12:56,0,1,3,浙江,中国,因为很多人是高维下来的。亲近高维是自然而然。
为何寺庙旅游在90后00后中爆火,22,4.88E+15,羡尧兄弟,male,433,322,2023/3/9 11:36,0,0,1,云南,中国,寺庙旅游是一种很受欢迎的休闲活动，能够让人们放松身心，放慢脚步，把握时光，享受宁静的环境。在寺庙中，可以感受到极为神圣的氛围，让人们能够放松心情，抛开烦恼，放空自己，放松身心。在寺庙中，可以欣赏到美丽的建筑，走在古老的道路上，感受到一种古老的气息，让人们充满遐想。此外，在寺庙里，还可以参观古老的文物，了解古代的历史，增长见识，开阔眼界。寺庙旅游是一种令人兴奋的休闲活动，它可以让人们放松身心，抛开烦恼，享受宁静的环境，欣赏美丽的建筑，参观古老的文物，探寻古老的历史，开阔眼界，让人们收获无尽的乐趣。寺庙旅游是一种独特的体验，让人们感受到神圣的气息，放空自我，放慢脚步，把握时光，享受宁静的时光，让人们得到身心的放松。
为何寺庙旅游在90后00后中爆火,22,4.88E+15,RedParis,male,194,2万,2023/3/9 4:00,0,0,0,福建,中国,Acne 彩虹笑脸 帽衫
为何寺庙旅游在90后00后中爆火,24,4.88E+15,成都超级小猪,male,844,39.8万,2023/3/7 12:36,1,6,8,四川,中国,原来现在年轻人喜欢的自习室是这个样子怪不得都不在家看书📖爆🈵！我一直喜欢在家看书觉🉐在外面看书学习的都是装样子最早是肯德基金拱门🚪后来是各大咖啡☕厅没想到世界的发展不以个人为转移现在在家看书的比例越来越低各种自习室也就应运而生学生们真是太幸福了谁说现在的年轻人不爱学习了？好多自习室都爆满我去溜达了一圈人家看的都是正书不是“闲书”我那时候要是🈶这种环境再加上个女娃儿一起学习估计最撇都能考上北大清华不🉑能只读个川大🏠凤尾竹自习室🚘吉龙一街55号碧桂园沁园里9栋2902 成都·凤尾竹自习室
为何寺庙旅游在90后00后中爆火,24,4.88E+15,邾朱,female,88,192,2023/3/7 10:32,0,0,0,山西,中国,皮痒痒 只要心中充满阳光，每一个日子都能过得滚烫，三月你好(ღ˘⌣˘ღ)
为何寺庙旅游在90后00后中爆火,24,4.88E+15,春秧,male,212,2150,2023/3/7 9:29,0,0,0,山西,中国,小小德 三月你好，请多多关照，一切顺利，万事如意🌷
为何寺庙旅游在90后00后中爆火,25,4.88E+15,泫儿,female,148,1278,2023/3/7 9:14,0,0,0,山西,中国,赤玉 冬天从这里夺取的，春天会交还与你，三月你好🌷
为何寺庙旅游在90后00后中爆火,25,4.88E+15,西藏山南旅游,male,219,64.4万,2023/3/5 23:40,1,0,4,西藏,中国,来藏源山南，遇见千年古寺庙吧！ 遇见绝美的“天空之寺”卡久寺 拜访西藏历史上第一座寺庙桑耶寺 还有“世界上最孤独的寺庙”日托寺……
为何寺庙旅游在90后00后中爆火,25,4.88E+15,玉蟾易数,male,12,5,2023/3/5 21:38,0,0,3,北京,中国,新闻说现在去寺庙的大部分是90后和00后  很有自知之明  知道自己没用  只能靠神了！！~~~~~
为何寺庙旅游在90后00后中爆火,26,4.88E+15,周广兵-V光,male,1675,5197,2023/3/5 14:18,0,0,1,北京,中国,“我知道 你守着海 守着天 守着大漠风沙，锦绣河山 每一寸 都有你绽放的年华；你可懂得那朵云 那阵风 那幅平安的画，万家灯火 每一盏 都有对你的牵挂”这是周广兵为双拥创作的主题歌《双拥花》，能让人感受到那份赤诚的情怀。“为强军而歌，就是让歌曲富含战斗力；就是能够凝聚人心。新时代军歌的创作要多元化，能够紧跟时代，真正的了解现代群体喜欢什么，这样在军歌的创作中才能有所突破，才能写出基层官兵喜闻乐见、脍炙人口的作品”，从《当兵就是那么帅》《女兵美》这些传唱全国的优秀军歌来看，周广兵的创作无疑是成功的。以新时代强军思想为航向，紧紧的扎根于基层官兵，让强军思想在战士心中生根发芽、在部队开花结果。    从2018年开始，在北京市通州区双拥办的支持下，周广兵发起成立了“中国V光公益创作团队”和小兵子艺术团，在京每年都会举办一届军歌演唱会走进部队。让官兵检验最新的创作成果，让社会感受到强军文化的繁荣。“我始终认为军歌的创作要求要比一般的歌曲高，因为它的站位不同，尤其是要将新时代强军思想吃透，要通过简单的语言传播出去”，军歌的创作向来严谨，要通过不同的角度去传达新时代强军思想，要反应部队官兵的生活和工作，尤其是真实的情感，绝不是单纯的口号。它要点燃战斗的激情，要凝聚打胜仗的军魂。《向党看齐》《党叫干啥就干啥》《唱支军歌给党听》《我是党员我先上》等，在周广兵的这些作品里就很好的呈现了这一点。在创作上，周广兵没有直接去写大的口号，而是通过个人的角度去倾述，不断的升华到祖国这一高度和层面上，能够让人感受到个人和国家的关系。通过细细的描述、款款的诉说，让人能够迅速的感同身受。
为何寺庙旅游在90后00后中爆火,26,4.88E+15,孙华贵的微博,male,33,1.1万,2023/3/5 11:16,0,0,0,重庆,中国,寺庙旅游之所以在90后和00后中广受欢迎，可能与以下几个方面有关：首先，随着经济水平的提高和生活质量的改善，人们对于旅游的需求越来越高。而传统的寺庙文化和风景区不仅具有深厚的历史和文化底蕴，还能满足人们对于心灵和身体的健康需求，因此备受年轻人的青睐。其次，随着社交媒体的兴起和普及，年轻人更容易获取到寺庙旅游的相关信息，并且能够通过社交平台分享旅游经验和心得，增加其他人的参与度和兴趣。最后，寺庙旅游也在不断进行创新和升级，融入更多的科技和互动元素，从而吸引更多的年轻人对其产生兴趣，例如一些寺庙会推出VR、AR等新型展示方式，让人们更好地了解和感受文化内涵，吸引更多年轻人的关注和参与。
为何寺庙旅游在90后00后中爆火,26,4.88E+15,陈梦的麒麟臂-,male,11,6,2023/3/5 9:22,0,0,0,江苏,中国,你不要着急，你先去读你的书，我也去看我的电影。总有一天，我们会窝在一起，读同一本书，看同一部电影——网易云音乐热评《萤火虫》
